id,store,storeZip,storeName,storeAddress,name,brand,size,category,price,lastChecked,notes
walmart-79015-0001,Walmart,79015,Walmart Supercenter #793,"1701 N 23rd St, Canyon, TX 79015",Milk,Great Value,1 gal whole milk,Dairy,3.52,2026-06-12,Expanded starter estimate for 79015; verify in Walmart app or receipt before relying on it. Not live pricing.
walmart-79015-0002,Walmart,79015,Walmart Supercenter #793,"1701 N 23rd St, Canyon, TX 79015",Milk,Great Value,1 gal 2% milk,Dairy,3.52,2026-06-12,Expanded starter estimate for 79015; verify in Walmart app or receipt before relying on it. Not live pricing.
walmart-79015-0003,Walmart,79015,Walmart Supercenter #793,"1701 N 23rd St, Canyon, TX 79015",Milk,Great Value,1 gal 1% milk,Dairy,3.52,2026-06-12,Expanded starter estimate for 79015; verify in Walmart app or receipt before relying on it. Not live pricing.
walmart-79015-0004,Walmart,79015,Walmart Supercenter #793,"1701 N 23rd St, Canyon, TX 79015",Chocolate Milk,Great Value,1/2 gal,Dairy,2.64,2026-06-12,Expanded starter estimate for 79015; verify in Walmart app or receipt before relying on it. Not live pricing.
walmart-79015-0005,Walmart,79015,Walmart Supercenter #793,"1701 N 23rd St, Canyon, TX 79015",Half & Half,Great Value,32 fl oz,Dairy,3.18,2026-06-12,Expanded starter estimate for 79015; verify in Walmart app or receipt before relying on it. Not live pricing.
walmart-79015-0006,Walmart,79015,Walmart Supercenter #793,"1701 N 23rd St, Canyon, TX 79015",Heavy Whipping Cream,Great Value,16 fl oz,Dairy,3.24,2026-06-12,Expanded starter estimate for 79015; verify in Walmart app or receipt before relying on it. Not live pricing.
walmart-79015-0007,Walmart,79015,Walmart Supercenter #793,"1701 N 23rd St, Canyon, TX 79015",Eggs,Great Value,12 ct large,Dairy,3.88,2026-06-12,Expanded starter estimate for 79015; verify in Walmart app or receipt before relying on it. Not live pricing.
walmart-79015-0008,Walmart,79015,Walmart Supercenter #793,"1701 N 23rd St, Canyon, TX 79015",Eggs,Great Value,18 ct large,Dairy,5.42,2026-06-12,Expanded starter estimate for 79015; verify in Walmart app or receipt before relying on it. Not live pricing.
walmart-79015-0009,Walmart,79015,Walmart Supercenter #793,"1701 N 23rd St, Canyon, TX 79015",Butter,Great Value,1 lb sticks,Dairy,3.98,2026-06-12,Expanded starter estimate for 79015; verify in Walmart app or receipt before relying on it. Not live pricing.
walmart-79015-0010,Walmart,79015,Walmart Supercenter #793,"1701 N 23rd St, Canyon, TX 79015",Margarine Spread,Great Value,45 oz tub,Dairy,3.48,2026-06-12,Expanded starter estimate for 79015; verify in Walmart app or receipt before relying on it. Not live pricing.
walmart-79015-0011,Walmart,79015,Walmart Supercenter #793,"1701 N 23rd St, Canyon, TX 79015",Shredded Cheddar Cheese,Great Value,8 oz,Dairy,2.22,2026-06-12,Expanded starter estimate for 79015; verify in Walmart app or receipt before relying on it. Not live pricing.
walmart-79015-0012,Walmart,79015,Walmart Supercenter #793,"1701 N 23rd St, Canyon, TX 79015",Shredded Mozzarella Cheese,Great Value,8 oz,Dairy,2.22,2026-06-12,Expanded starter estimate for 79015; verify in Walmart app or receipt before relying on it. Not live pricing.
walmart-79015-0013,Walmart,79015,Walmart Supercenter #793,"1701 N 23rd St, Canyon, TX 79015",Sliced American Cheese,Great Value,16 ct,Dairy,2.48,2026-06-12,Expanded starter estimate for 79015; verify in Walmart app or receipt before relying on it. Not live pricing.
walmart-79015-0014,Walmart,79015,Walmart Supercenter #793,"1701 N 23rd St, Canyon, TX 79015",Cream Cheese,Great Value,8 oz,Dairy,1.96,2026-06-12,Expanded starter estimate for 79015; verify in Walmart app or receipt before relying on it. Not live pricing.
walmart-79015-0015,Walmart,79015,Walmart Supercenter #793,"1701 N 23rd St, Canyon, TX 79015",Sour Cream,Great Value,16 oz,Dairy,1.98,2026-06-12,Expanded starter estimate for 79015; verify in Walmart app or receipt before relying on it. Not live pricing.
walmart-79015-0016,Walmart,79015,Walmart Supercenter #793,"1701 N 23rd St, Canyon, TX 79015",Greek Yogurt,Great Value,32 oz plain,Dairy,3.64,2026-06-12,Expanded starter estimate for 79015; verify in Walmart app or receipt before relying on it. Not live pricing.
walmart-79015-0017,Walmart,79015,Walmart Supercenter #793,"1701 N 23rd St, Canyon, TX 79015",Yogurt Cups,Great Value,8 ct,Dairy,3.96,2026-06-12,Expanded starter estimate for 79015; verify in Walmart app or receipt before relying on it. Not live pricing.
walmart-79015-0018,Walmart,79015,Walmart Supercenter #793,"1701 N 23rd St, Canyon, TX 79015",Cottage Cheese,Great Value,24 oz,Dairy,3.44,2026-06-12,Expanded starter estimate for 79015; verify in Walmart app or receipt before relying on it. Not live pricing.
walmart-79015-0019,Walmart,79015,Walmart Supercenter #793,"1701 N 23rd St, Canyon, TX 79015",String Cheese,Great Value,12 ct,Dairy,3.98,2026-06-12,Expanded starter estimate for 79015; verify in Walmart app or receipt before relying on it. Not live pricing.
walmart-79015-0020,Walmart,79015,Walmart Supercenter #793,"1701 N 23rd St, Canyon, TX 79015",Coffee Creamer,Great Value,32 fl oz vanilla,Dairy,3.28,2026-06-12,Expanded starter estimate for 79015; verify in Walmart app or receipt before relying on it. Not live pricing.
walmart-79015-0021,Walmart,79015,Walmart Supercenter #793,"1701 N 23rd St, Canyon, TX 79015",Boneless Skinless Chicken Breast,Freshness Guaranteed,per lb,Meat,2.97,2026-06-12,Expanded starter estimate for 79015; verify in Walmart app or receipt before relying on it. Not live pricing.
walmart-79015-0022,Walmart,79015,Walmart Supercenter #793,"1701 N 23rd St, Canyon, TX 79015",Chicken Tenderloins,Freshness Guaranteed,per lb,Meat,3.48,2026-06-12,Expanded starter estimate for 79015; verify in Walmart app or receipt before relying on it. Not live pricing.
walmart-79015-0023,Walmart,79015,Walmart Supercenter #793,"1701 N 23rd St, Canyon, TX 79015",Chicken Drumsticks,Freshness Guaranteed,per lb,Meat,1.48,2026-06-12,Expanded starter estimate for 79015; verify in Walmart app or receipt before relying on it. Not live pricing.
walmart-79015-0024,Walmart,79015,Walmart Supercenter #793,"1701 N 23rd St, Canyon, TX 79015",Chicken Thighs,Freshness Guaranteed,per lb,Meat,1.98,2026-06-12,Expanded starter estimate for 79015; verify in Walmart app or receipt before relying on it. Not live pricing.
walmart-79015-0025,Walmart,79015,Walmart Supercenter #793,"1701 N 23rd St, Canyon, TX 79015",Ground Beef 80/20,Marketside,per lb,Meat,4.47,2026-06-12,Expanded starter estimate for 79015; verify in Walmart app or receipt before relying on it. Not live pricing.
walmart-79015-0026,Walmart,79015,Walmart Supercenter #793,"1701 N 23rd St, Canyon, TX 79015",Ground Beef 93/7,Marketside,per lb,Meat,5.97,2026-06-12,Expanded starter estimate for 79015; verify in Walmart app or receipt before relying on it. Not live pricing.
walmart-79015-0027,Walmart,79015,Walmart Supercenter #793,"1701 N 23rd St, Canyon, TX 79015",Chuck Roast,Marketside,per lb,Meat,6.47,2026-06-12,Expanded starter estimate for 79015; verify in Walmart app or receipt before relying on it. Not live pricing.
walmart-79015-0028,Walmart,79015,Walmart Supercenter #793,"1701 N 23rd St, Canyon, TX 79015",Beef Stew Meat,Marketside,per lb,Meat,6.98,2026-06-12,Expanded starter estimate for 79015; verify in Walmart app or receipt before relying on it. Not live pricing.
walmart-79015-0029,Walmart,79015,Walmart Supercenter #793,"1701 N 23rd St, Canyon, TX 79015",Pork Chops,Freshness Guaranteed,per lb,Meat,3.48,2026-06-12,Expanded starter estimate for 79015; verify in Walmart app or receipt before relying on it. Not live pricing.
walmart-79015-0030,Walmart,79015,Walmart Supercenter #793,"1701 N 23rd St, Canyon, TX 79015",Pork Loin,Freshness Guaranteed,per lb,Meat,2.98,2026-06-12,Expanded starter estimate for 79015; verify in Walmart app or receipt before relying on it. Not live pricing.
walmart-79015-0031,Walmart,79015,Walmart Supercenter #793,"1701 N 23rd St, Canyon, TX 79015",Bacon,Great Value,12 oz,Meat,4.48,2026-06-12,Expanded starter estimate for 79015; verify in Walmart app or receipt before relying on it. Not live pricing.
walmart-79015-0032,Walmart,79015,Walmart Supercenter #793,"1701 N 23rd St, Canyon, TX 79015",Breakfast Sausage,Great Value,1 lb roll,Meat,3.48,2026-06-12,Expanded starter estimate for 79015; verify in Walmart app or receipt before relying on it. Not live pricing.
walmart-79015-0033,Walmart,79015,Walmart Supercenter #793,"1701 N 23rd St, Canyon, TX 79015",Hot Dogs,Bar-S,12 oz,Meat,1.38,2026-06-12,Expanded starter estimate for 79015; verify in Walmart app or receipt before relying on it. Not live pricing.
walmart-79015-0034,Walmart,79015,Walmart Supercenter #793,"1701 N 23rd St, Canyon, TX 79015",Deli Turkey,Great Value,9 oz,Meat,4.12,2026-06-12,Expanded starter estimate for 79015; verify in Walmart app or receipt before relying on it. Not live pricing.
walmart-79015-0035,Walmart,79015,Walmart Supercenter #793,"1701 N 23rd St, Canyon, TX 79015",Deli Ham,Great Value,9 oz,Meat,3.98,2026-06-12,Expanded starter estimate for 79015; verify in Walmart app or receipt before relying on it. Not live pricing.
walmart-79015-0036,Walmart,79015,Walmart Supercenter #793,"1701 N 23rd St, Canyon, TX 79015",Frozen Salmon Fillets,Great Value,2 lb bag,Meat,13.98,2026-06-12,Expanded starter estimate for 79015; verify in Walmart app or receipt before relying on it. Not live pricing.
walmart-79015-0037,Walmart,79015,Walmart Supercenter #793,"1701 N 23rd St, Canyon, TX 79015",Tilapia Fillets,Great Value,2 lb bag,Meat,8.96,2026-06-12,Expanded starter estimate for 79015; verify in Walmart app or receipt before relying on it. Not live pricing.
walmart-79015-0038,Walmart,79015,Walmart Supercenter #793,"1701 N 23rd St, Canyon, TX 79015",Cooked Shrimp,Great Value,12 oz,Meat,6.98,2026-06-12,Expanded starter estimate for 79015; verify in Walmart app or receipt before relying on it. Not live pricing.
walmart-79015-0039,Walmart,79015,Walmart Supercenter #793,"1701 N 23rd St, Canyon, TX 79015",Rotisserie Chicken,Freshness Guaranteed,each,Meat,6.97,2026-06-12,Expanded starter estimate for 79015; verify in Walmart app or receipt before relying on it. Not live pricing.
walmart-79015-0040,Walmart,79015,Walmart Supercenter #793,"1701 N 23rd St, Canyon, TX 79015",Meatballs,Great Value,32 oz frozen,Meat,7.98,2026-06-12,Expanded starter estimate for 79015; verify in Walmart app or receipt before relying on it. Not live pricing.
walmart-79015-0041,Walmart,79015,Walmart Supercenter #793,"1701 N 23rd St, Canyon, TX 79015",Bananas,Fresh Produce,per lb,Produce,0.58,2026-06-12,Expanded starter estimate for 79015; verify in Walmart app or receipt before relying on it. Not live pricing.
walmart-79015-0042,Walmart,79015,Walmart Supercenter #793,"1701 N 23rd St, Canyon, TX 79015",Apples Gala,Fresh Produce,3 lb bag,Produce,4.98,2026-06-12,Expanded starter estimate for 79015; verify in Walmart app or receipt before relying on it. Not live pricing.
walmart-79015-0043,Walmart,79015,Walmart Supercenter #793,"1701 N 23rd St, Canyon, TX 79015",Apples Honeycrisp,Fresh Produce,3 lb bag,Produce,6.98,2026-06-12,Expanded starter estimate for 79015; verify in Walmart app or receipt before relying on it. Not live pricing.
walmart-79015-0044,Walmart,79015,Walmart Supercenter #793,"1701 N 23rd St, Canyon, TX 79015",Oranges,Fresh Produce,4 lb bag,Produce,5.98,2026-06-12,Expanded starter estimate for 79015; verify in Walmart app or receipt before relying on it. Not live pricing.
walmart-79015-0045,Walmart,79015,Walmart Supercenter #793,"1701 N 23rd St, Canyon, TX 79015",Mandarins,Fresh Produce,3 lb bag,Produce,4.98,2026-06-12,Expanded starter estimate for 79015; verify in Walmart app or receipt before relying on it. Not live pricing.
walmart-79015-0046,Walmart,79015,Walmart Supercenter #793,"1701 N 23rd St, Canyon, TX 79015",Grapes Red Seedless,Fresh Produce,per lb,Produce,2.98,2026-06-12,Expanded starter estimate for 79015; verify in Walmart app or receipt before relying on it. Not live pricing.
walmart-79015-0047,Walmart,79015,Walmart Supercenter #793,"1701 N 23rd St, Canyon, TX 79015",Strawberries,Fresh Produce,1 lb,Produce,3.48,2026-06-12,Expanded starter estimate for 79015; verify in Walmart app or receipt before relying on it. Not live pricing.
walmart-79015-0048,Walmart,79015,Walmart Supercenter #793,"1701 N 23rd St, Canyon, TX 79015",Blueberries,Fresh Produce,pint,Produce,3.98,2026-06-12,Expanded starter estimate for 79015; verify in Walmart app or receipt before relying on it. Not live pricing.
walmart-79015-0049,Walmart,79015,Walmart Supercenter #793,"1701 N 23rd St, Canyon, TX 79015",Avocados,Fresh Produce,each,Produce,0.88,2026-06-12,Expanded starter estimate for 79015; verify in Walmart app or receipt before relying on it. Not live pricing.
walmart-79015-0050,Walmart,79015,Walmart Supercenter #793,"1701 N 23rd St, Canyon, TX 79015",Tomatoes Roma,Fresh Produce,per lb,Produce,1.28,2026-06-12,Expanded starter estimate for 79015; verify in Walmart app or receipt before relying on it. Not live pricing.
walmart-79015-0051,Walmart,79015,Walmart Supercenter #793,"1701 N 23rd St, Canyon, TX 79015",Cherry Tomatoes,Fresh Produce,10 oz,Produce,2.48,2026-06-12,Expanded starter estimate for 79015; verify in Walmart app or receipt before relying on it. Not live pricing.
walmart-79015-0052,Walmart,79015,Walmart Supercenter #793,"1701 N 23rd St, Canyon, TX 79015",Yellow Onions,Fresh Produce,3 lb bag,Produce,2.64,2026-06-12,Expanded starter estimate for 79015; verify in Walmart app or receipt before relying on it. Not live pricing.
walmart-79015-0053,Walmart,79015,Walmart Supercenter #793,"1701 N 23rd St, Canyon, TX 79015",Russet Potatoes,Fresh Produce,10 lb bag,Produce,5.98,2026-06-12,Expanded starter estimate for 79015; verify in Walmart app or receipt before relying on it. Not live pricing.
walmart-79015-0054,Walmart,79015,Walmart Supercenter #793,"1701 N 23rd St, Canyon, TX 79015",Sweet Potatoes,Fresh Produce,per lb,Produce,1.24,2026-06-12,Expanded starter estimate for 79015; verify in Walmart app or receipt before relying on it. Not live pricing.
walmart-79015-0055,Walmart,79015,Walmart Supercenter #793,"1701 N 23rd St, Canyon, TX 79015",Carrots,Fresh Produce,2 lb bag,Produce,1.96,2026-06-12,Expanded starter estimate for 79015; verify in Walmart app or receipt before relying on it. Not live pricing.
walmart-79015-0056,Walmart,79015,Walmart Supercenter #793,"1701 N 23rd St, Canyon, TX 79015",Celery,Fresh Produce,bunch,Produce,1.96,2026-06-12,Expanded starter estimate for 79015; verify in Walmart app or receipt before relying on it. Not live pricing.
walmart-79015-0057,Walmart,79015,Walmart Supercenter #793,"1701 N 23rd St, Canyon, TX 79015",Romaine Hearts,Fresh Produce,3 ct,Produce,3.48,2026-06-12,Expanded starter estimate for 79015; verify in Walmart app or receipt before relying on it. Not live pricing.
walmart-79015-0058,Walmart,79015,Walmart Supercenter #793,"1701 N 23rd St, Canyon, TX 79015",Iceberg Lettuce,Fresh Produce,head,Produce,1.88,2026-06-12,Expanded starter estimate for 79015; verify in Walmart app or receipt before relying on it. Not live pricing.
walmart-79015-0059,Walmart,79015,Walmart Supercenter #793,"1701 N 23rd St, Canyon, TX 79015",Baby Spinach,Marketside,10 oz,Produce,3.98,2026-06-12,Expanded starter estimate for 79015; verify in Walmart app or receipt before relying on it. Not live pricing.
walmart-79015-0060,Walmart,79015,Walmart Supercenter #793,"1701 N 23rd St, Canyon, TX 79015",Broccoli Crowns,Fresh Produce,per lb,Produce,1.98,2026-06-12,Expanded starter estimate for 79015; verify in Walmart app or receipt before relying on it. Not live pricing.
walmart-79015-0061,Walmart,79015,Walmart Supercenter #793,"1701 N 23rd St, Canyon, TX 79015",Cauliflower,Fresh Produce,head,Produce,3.48,2026-06-12,Expanded starter estimate for 79015; verify in Walmart app or receipt before relying on it. Not live pricing.
walmart-79015-0062,Walmart,79015,Walmart Supercenter #793,"1701 N 23rd St, Canyon, TX 79015",Bell Peppers,Fresh Produce,3 ct,Produce,3.48,2026-06-12,Expanded starter estimate for 79015; verify in Walmart app or receipt before relying on it. Not live pricing.
walmart-79015-0063,Walmart,79015,Walmart Supercenter #793,"1701 N 23rd St, Canyon, TX 79015",Cucumbers,Fresh Produce,each,Produce,0.78,2026-06-12,Expanded starter estimate for 79015; verify in Walmart app or receipt before relying on it. Not live pricing.
walmart-79015-0064,Walmart,79015,Walmart Supercenter #793,"1701 N 23rd St, Canyon, TX 79015",Zucchini,Fresh Produce,per lb,Produce,1.48,2026-06-12,Expanded starter estimate for 79015; verify in Walmart app or receipt before relying on it. Not live pricing.
walmart-79015-0065,Walmart,79015,Walmart Supercenter #793,"1701 N 23rd St, Canyon, TX 79015",Mushrooms,Fresh Produce,8 oz,Produce,2.48,2026-06-12,Expanded starter estimate for 79015; verify in Walmart app or receipt before relying on it. Not live pricing.
walmart-79015-0066,Walmart,79015,Walmart Supercenter #793,"1701 N 23rd St, Canyon, TX 79015",Cilantro,Fresh Produce,bunch,Produce,0.88,2026-06-12,Expanded starter estimate for 79015; verify in Walmart app or receipt before relying on it. Not live pricing.
walmart-79015-0067,Walmart,79015,Walmart Supercenter #793,"1701 N 23rd St, Canyon, TX 79015",Lemons,Fresh Produce,2 lb bag,Produce,3.48,2026-06-12,Expanded starter estimate for 79015; verify in Walmart app or receipt before relying on it. Not live pricing.
walmart-79015-0068,Walmart,79015,Walmart Supercenter #793,"1701 N 23rd St, Canyon, TX 79015",Limes,Fresh Produce,1 lb bag,Produce,2.48,2026-06-12,Expanded starter estimate for 79015; verify in Walmart app or receipt before relying on it. Not live pricing.
walmart-79015-0069,Walmart,79015,Walmart Supercenter #793,"1701 N 23rd St, Canyon, TX 79015",Sandwich Bread,Great Value,20 oz white,Bakery,1.42,2026-06-12,Expanded starter estimate for 79015; verify in Walmart app or receipt before relying on it. Not live pricing.
walmart-79015-0070,Walmart,79015,Walmart Supercenter #793,"1701 N 23rd St, Canyon, TX 79015",Wheat Bread,Great Value,20 oz,Bakery,1.98,2026-06-12,Expanded starter estimate for 79015; verify in Walmart app or receipt before relying on it. Not live pricing.
walmart-79015-0071,Walmart,79015,Walmart Supercenter #793,"1701 N 23rd St, Canyon, TX 79015",Hamburger Buns,Great Value,8 ct,Bakery,1.48,2026-06-12,Expanded starter estimate for 79015; verify in Walmart app or receipt before relying on it. Not live pricing.
walmart-79015-0072,Walmart,79015,Walmart Supercenter #793,"1701 N 23rd St, Canyon, TX 79015",Hot Dog Buns,Great Value,8 ct,Bakery,1.48,2026-06-12,Expanded starter estimate for 79015; verify in Walmart app or receipt before relying on it. Not live pricing.
walmart-79015-0073,Walmart,79015,Walmart Supercenter #793,"1701 N 23rd St, Canyon, TX 79015",Flour Tortillas,Great Value,10 ct burrito size,Bakery,2.28,2026-06-12,Expanded starter estimate for 79015; verify in Walmart app or receipt before relying on it. Not live pricing.
walmart-79015-0074,Walmart,79015,Walmart Supercenter #793,"1701 N 23rd St, Canyon, TX 79015",Corn Tortillas,Great Value,30 ct,Bakery,2.24,2026-06-12,Expanded starter estimate for 79015; verify in Walmart app or receipt before relying on it. Not live pricing.
walmart-79015-0075,Walmart,79015,Walmart Supercenter #793,"1701 N 23rd St, Canyon, TX 79015",Bagels,Great Value,6 ct plain,Bakery,2.38,2026-06-12,Expanded starter estimate for 79015; verify in Walmart app or receipt before relying on it. Not live pricing.
walmart-79015-0076,Walmart,79015,Walmart Supercenter #793,"1701 N 23rd St, Canyon, TX 79015",English Muffins,Great Value,6 ct,Bakery,1.98,2026-06-12,Expanded starter estimate for 79015; verify in Walmart app or receipt before relying on it. Not live pricing.
walmart-79015-0077,Walmart,79015,Walmart Supercenter #793,"1701 N 23rd St, Canyon, TX 79015",Dinner Rolls,Freshness Guaranteed,12 ct,Bakery,3.48,2026-06-12,Expanded starter estimate for 79015; verify in Walmart app or receipt before relying on it. Not live pricing.
walmart-79015-0078,Walmart,79015,Walmart Supercenter #793,"1701 N 23rd St, Canyon, TX 79015",Donuts,Freshness Guaranteed,6 ct glazed,Bakery,4.48,2026-06-12,Expanded starter estimate for 79015; verify in Walmart app or receipt before relying on it. Not live pricing.
walmart-79015-0079,Walmart,79015,Walmart Supercenter #793,"1701 N 23rd St, Canyon, TX 79015",Muffins,Marketside,4 ct,Bakery,4.98,2026-06-12,Expanded starter estimate for 79015; verify in Walmart app or receipt before relying on it. Not live pricing.
walmart-79015-0080,Walmart,79015,Walmart Supercenter #793,"1701 N 23rd St, Canyon, TX 79015",Cake Mix,Great Value,15.25 oz,Bakery,1.24,2026-06-12,Expanded starter estimate for 79015; verify in Walmart app or receipt before relying on it. Not live pricing.
walmart-79015-0081,Walmart,79015,Walmart Supercenter #793,"1701 N 23rd St, Canyon, TX 79015",All Purpose Flour,Great Value,5 lb,Pantry,2.48,2026-06-12,Expanded starter estimate for 79015; verify in Walmart app or receipt before relying on it. Not live pricing.
walmart-79015-0082,Walmart,79015,Walmart Supercenter #793,"1701 N 23rd St, Canyon, TX 79015",Granulated Sugar,Great Value,4 lb,Pantry,3.24,2026-06-12,Expanded starter estimate for 79015; verify in Walmart app or receipt before relying on it. Not live pricing.
walmart-79015-0083,Walmart,79015,Walmart Supercenter #793,"1701 N 23rd St, Canyon, TX 79015",Brown Sugar,Great Value,2 lb,Pantry,2.18,2026-06-12,Expanded starter estimate for 79015; verify in Walmart app or receipt before relying on it. Not live pricing.
walmart-79015-0084,Walmart,79015,Walmart Supercenter #793,"1701 N 23rd St, Canyon, TX 79015",Powdered Sugar,Great Value,2 lb,Pantry,2.18,2026-06-12,Expanded starter estimate for 79015; verify in Walmart app or receipt before relying on it. Not live pricing.
walmart-79015-0085,Walmart,79015,Walmart Supercenter #793,"1701 N 23rd St, Canyon, TX 79015",Vegetable Oil,Great Value,48 fl oz,Pantry,3.98,2026-06-12,Expanded starter estimate for 79015; verify in Walmart app or receipt before relying on it. Not live pricing.
walmart-79015-0086,Walmart,79015,Walmart Supercenter #793,"1701 N 23rd St, Canyon, TX 79015",Olive Oil,Great Value,17 fl oz,Pantry,5.98,2026-06-12,Expanded starter estimate for 79015; verify in Walmart app or receipt before relying on it. Not live pricing.
walmart-79015-0087,Walmart,79015,Walmart Supercenter #793,"1701 N 23rd St, Canyon, TX 79015",Canola Oil,Great Value,48 fl oz,Pantry,3.98,2026-06-12,Expanded starter estimate for 79015; verify in Walmart app or receipt before relying on it. Not live pricing.
walmart-79015-0088,Walmart,79015,Walmart Supercenter #793,"1701 N 23rd St, Canyon, TX 79015",White Rice,Great Value,5 lb,Pantry,3.34,2026-06-12,Expanded starter estimate for 79015; verify in Walmart app or receipt before relying on it. Not live pricing.
walmart-79015-0089,Walmart,79015,Walmart Supercenter #793,"1701 N 23rd St, Canyon, TX 79015",Jasmine Rice,Great Value,5 lb,Pantry,5.98,2026-06-12,Expanded starter estimate for 79015; verify in Walmart app or receipt before relying on it. Not live pricing.
walmart-79015-0090,Walmart,79015,Walmart Supercenter #793,"1701 N 23rd St, Canyon, TX 79015",Pinto Beans Dry,Great Value,2 lb,Pantry,2.38,2026-06-12,Expanded starter estimate for 79015; verify in Walmart app or receipt before relying on it. Not live pricing.
walmart-79015-0091,Walmart,79015,Walmart Supercenter #793,"1701 N 23rd St, Canyon, TX 79015",Black Beans Dry,Great Value,2 lb,Pantry,2.48,2026-06-12,Expanded starter estimate for 79015; verify in Walmart app or receipt before relying on it. Not live pricing.
walmart-79015-0092,Walmart,79015,Walmart Supercenter #793,"1701 N 23rd St, Canyon, TX 79015",Pasta Spaghetti,Great Value,16 oz,Pantry,1.12,2026-06-12,Expanded starter estimate for 79015; verify in Walmart app or receipt before relying on it. Not live pricing.
walmart-79015-0093,Walmart,79015,Walmart Supercenter #793,"1701 N 23rd St, Canyon, TX 79015",Pasta Penne,Great Value,16 oz,Pantry,1.12,2026-06-12,Expanded starter estimate for 79015; verify in Walmart app or receipt before relying on it. Not live pricing.
walmart-79015-0094,Walmart,79015,Walmart Supercenter #793,"1701 N 23rd St, Canyon, TX 79015",Macaroni & Cheese,Great Value,7.25 oz,Pantry,0.58,2026-06-12,Expanded starter estimate for 79015; verify in Walmart app or receipt before relying on it. Not live pricing.
walmart-79015-0095,Walmart,79015,Walmart Supercenter #793,"1701 N 23rd St, Canyon, TX 79015",Peanut Butter,Great Value,40 oz,Pantry,4.68,2026-06-12,Expanded starter estimate for 79015; verify in Walmart app or receipt before relying on it. Not live pricing.
walmart-79015-0096,Walmart,79015,Walmart Supercenter #793,"1701 N 23rd St, Canyon, TX 79015",Grape Jelly,Great Value,30 oz,Pantry,2.48,2026-06-12,Expanded starter estimate for 79015; verify in Walmart app or receipt before relying on it. Not live pricing.
walmart-79015-0097,Walmart,79015,Walmart Supercenter #793,"1701 N 23rd St, Canyon, TX 79015",Honey,Great Value,32 oz,Pantry,6.98,2026-06-12,Expanded starter estimate for 79015; verify in Walmart app or receipt before relying on it. Not live pricing.
walmart-79015-0098,Walmart,79015,Walmart Supercenter #793,"1701 N 23rd St, Canyon, TX 79015",Pancake Syrup,Great Value,24 fl oz,Pantry,2.24,2026-06-12,Expanded starter estimate for 79015; verify in Walmart app or receipt before relying on it. Not live pricing.
walmart-79015-0099,Walmart,79015,Walmart Supercenter #793,"1701 N 23rd St, Canyon, TX 79015",Pancake Mix,Great Value,32 oz,Pantry,2.48,2026-06-12,Expanded starter estimate for 79015; verify in Walmart app or receipt before relying on it. Not live pricing.
walmart-79015-0100,Walmart,79015,Walmart Supercenter #793,"1701 N 23rd St, Canyon, TX 79015",Instant Mashed Potatoes,Great Value,13.75 oz,Pantry,2.24,2026-06-12,Expanded starter estimate for 79015; verify in Walmart app or receipt before relying on it. Not live pricing.
walmart-79015-0101,Walmart,79015,Walmart Supercenter #793,"1701 N 23rd St, Canyon, TX 79015",Chicken Broth,Great Value,32 oz,Pantry,1.48,2026-06-12,Expanded starter estimate for 79015; verify in Walmart app or receipt before relying on it. Not live pricing.
walmart-79015-0102,Walmart,79015,Walmart Supercenter #793,"1701 N 23rd St, Canyon, TX 79015",Beef Broth,Great Value,32 oz,Pantry,1.48,2026-06-12,Expanded starter estimate for 79015; verify in Walmart app or receipt before relying on it. Not live pricing.
walmart-79015-0103,Walmart,79015,Walmart Supercenter #793,"1701 N 23rd St, Canyon, TX 79015",Bread Crumbs,Great Value,15 oz,Pantry,1.88,2026-06-12,Expanded starter estimate for 79015; verify in Walmart app or receipt before relying on it. Not live pricing.
walmart-79015-0104,Walmart,79015,Walmart Supercenter #793,"1701 N 23rd St, Canyon, TX 79015",Taco Shells,Great Value,12 ct,Pantry,1.98,2026-06-12,Expanded starter estimate for 79015; verify in Walmart app or receipt before relying on it. Not live pricing.
walmart-79015-0105,Walmart,79015,Walmart Supercenter #793,"1701 N 23rd St, Canyon, TX 79015",Taco Seasoning,Great Value,1 oz,Pantry,0.48,2026-06-12,Expanded starter estimate for 79015; verify in Walmart app or receipt before relying on it. Not live pricing.
walmart-79015-0106,Walmart,79015,Walmart Supercenter #793,"1701 N 23rd St, Canyon, TX 79015",Salsa,Great Value,24 oz,Pantry,2.24,2026-06-12,Expanded starter estimate for 79015; verify in Walmart app or receipt before relying on it. Not live pricing.
walmart-79015-0107,Walmart,79015,Walmart Supercenter #793,"1701 N 23rd St, Canyon, TX 79015",Marinara Sauce,Great Value,24 oz,Pantry,1.78,2026-06-12,Expanded starter estimate for 79015; verify in Walmart app or receipt before relying on it. Not live pricing.
walmart-79015-0108,Walmart,79015,Walmart Supercenter #793,"1701 N 23rd St, Canyon, TX 79015",Alfredo Sauce,Great Value,15 oz,Pantry,1.98,2026-06-12,Expanded starter estimate for 79015; verify in Walmart app or receipt before relying on it. Not live pricing.
walmart-79015-0109,Walmart,79015,Walmart Supercenter #793,"1701 N 23rd St, Canyon, TX 79015",Ranch Dressing,Great Value,16 fl oz,Pantry,2.24,2026-06-12,Expanded starter estimate for 79015; verify in Walmart app or receipt before relying on it. Not live pricing.
walmart-79015-0110,Walmart,79015,Walmart Supercenter #793,"1701 N 23rd St, Canyon, TX 79015",Italian Dressing,Great Value,16 fl oz,Pantry,2.24,2026-06-12,Expanded starter estimate for 79015; verify in Walmart app or receipt before relying on it. Not live pricing.
walmart-79015-0111,Walmart,79015,Walmart Supercenter #793,"1701 N 23rd St, Canyon, TX 79015",Ketchup,Great Value,38 oz,Pantry,2.24,2026-06-12,Expanded starter estimate for 79015; verify in Walmart app or receipt before relying on it. Not live pricing.
walmart-79015-0112,Walmart,79015,Walmart Supercenter #793,"1701 N 23rd St, Canyon, TX 79015",Mustard,Great Value,20 oz,Pantry,1.18,2026-06-12,Expanded starter estimate for 79015; verify in Walmart app or receipt before relying on it. Not live pricing.
walmart-79015-0113,Walmart,79015,Walmart Supercenter #793,"1701 N 23rd St, Canyon, TX 79015",Mayonnaise,Great Value,30 fl oz,Pantry,3.98,2026-06-12,Expanded starter estimate for 79015; verify in Walmart app or receipt before relying on it. Not live pricing.
walmart-79015-0114,Walmart,79015,Walmart Supercenter #793,"1701 N 23rd St, Canyon, TX 79015",BBQ Sauce,Great Value,18 oz,Pantry,1.24,2026-06-12,Expanded starter estimate for 79015; verify in Walmart app or receipt before relying on it. Not live pricing.
walmart-79015-0115,Walmart,79015,Walmart Supercenter #793,"1701 N 23rd St, Canyon, TX 79015",Pickles,Great Value,24 oz dill chips,Pantry,2.48,2026-06-12,Expanded starter estimate for 79015; verify in Walmart app or receipt before relying on it. Not live pricing.
walmart-79015-0116,Walmart,79015,Walmart Supercenter #793,"1701 N 23rd St, Canyon, TX 79015",Relish,Great Value,12 fl oz,Pantry,1.48,2026-06-12,Expanded starter estimate for 79015; verify in Walmart app or receipt before relying on it. Not live pricing.
walmart-79015-0117,Walmart,79015,Walmart Supercenter #793,"1701 N 23rd St, Canyon, TX 79015",Canned Corn,Great Value,15.25 oz,Canned Goods,0.64,2026-06-12,Expanded starter estimate for 79015; verify in Walmart app or receipt before relying on it. Not live pricing.
walmart-79015-0118,Walmart,79015,Walmart Supercenter #793,"1701 N 23rd St, Canyon, TX 79015",Canned Green Beans,Great Value,14.5 oz,Canned Goods,0.64,2026-06-12,Expanded starter estimate for 79015; verify in Walmart app or receipt before relying on it. Not live pricing.
walmart-79015-0119,Walmart,79015,Walmart Supercenter #793,"1701 N 23rd St, Canyon, TX 79015",Canned Peas,Great Value,15 oz,Canned Goods,0.76,2026-06-12,Expanded starter estimate for 79015; verify in Walmart app or receipt before relying on it. Not live pricing.
walmart-79015-0120,Walmart,79015,Walmart Supercenter #793,"1701 N 23rd St, Canyon, TX 79015",Canned Black Beans,Great Value,15 oz,Canned Goods,0.78,2026-06-12,Expanded starter estimate for 79015; verify in Walmart app or receipt before relying on it. Not live pricing.
walmart-79015-0121,Walmart,79015,Walmart Supercenter #793,"1701 N 23rd St, Canyon, TX 79015",Canned Pinto Beans,Great Value,15 oz,Canned Goods,0.78,2026-06-12,Expanded starter estimate for 79015; verify in Walmart app or receipt before relying on it. Not live pricing.
walmart-79015-0122,Walmart,79015,Walmart Supercenter #793,"1701 N 23rd St, Canyon, TX 79015",Canned Kidney Beans,Great Value,15 oz,Canned Goods,0.88,2026-06-12,Expanded starter estimate for 79015; verify in Walmart app or receipt before relying on it. Not live pricing.
walmart-79015-0123,Walmart,79015,Walmart Supercenter #793,"1701 N 23rd St, Canyon, TX 79015",Diced Tomatoes,Great Value,14.5 oz,Canned Goods,0.96,2026-06-12,Expanded starter estimate for 79015; verify in Walmart app or receipt before relying on it. Not live pricing.
walmart-79015-0124,Walmart,79015,Walmart Supercenter #793,"1701 N 23rd St, Canyon, TX 79015",Tomato Sauce,Great Value,8 oz,Canned Goods,0.48,2026-06-12,Expanded starter estimate for 79015; verify in Walmart app or receipt before relying on it. Not live pricing.
walmart-79015-0125,Walmart,79015,Walmart Supercenter #793,"1701 N 23rd St, Canyon, TX 79015",Tomato Paste,Great Value,6 oz,Canned Goods,0.72,2026-06-12,Expanded starter estimate for 79015; verify in Walmart app or receipt before relying on it. Not live pricing.
walmart-79015-0126,Walmart,79015,Walmart Supercenter #793,"1701 N 23rd St, Canyon, TX 79015",Cream of Chicken Soup,Great Value,10.5 oz,Canned Goods,0.78,2026-06-12,Expanded starter estimate for 79015; verify in Walmart app or receipt before relying on it. Not live pricing.
walmart-79015-0127,Walmart,79015,Walmart Supercenter #793,"1701 N 23rd St, Canyon, TX 79015",Cream of Mushroom Soup,Great Value,10.5 oz,Canned Goods,0.78,2026-06-12,Expanded starter estimate for 79015; verify in Walmart app or receipt before relying on it. Not live pricing.
walmart-79015-0128,Walmart,79015,Walmart Supercenter #793,"1701 N 23rd St, Canyon, TX 79015",Chicken Noodle Soup,Great Value,10.5 oz,Canned Goods,0.88,2026-06-12,Expanded starter estimate for 79015; verify in Walmart app or receipt before relying on it. Not live pricing.
walmart-79015-0129,Walmart,79015,Walmart Supercenter #793,"1701 N 23rd St, Canyon, TX 79015",Chunk Light Tuna,Great Value,5 oz,Canned Goods,0.96,2026-06-12,Expanded starter estimate for 79015; verify in Walmart app or receipt before relying on it. Not live pricing.
walmart-79015-0130,Walmart,79015,Walmart Supercenter #793,"1701 N 23rd St, Canyon, TX 79015",Canned Chicken Breast,Great Value,12.5 oz,Canned Goods,2.98,2026-06-12,Expanded starter estimate for 79015; verify in Walmart app or receipt before relying on it. Not live pricing.
walmart-79015-0131,Walmart,79015,Walmart Supercenter #793,"1701 N 23rd St, Canyon, TX 79015",Mandarin Oranges,Great Value,15 oz,Canned Goods,1.48,2026-06-12,Expanded starter estimate for 79015; verify in Walmart app or receipt before relying on it. Not live pricing.
walmart-79015-0132,Walmart,79015,Walmart Supercenter #793,"1701 N 23rd St, Canyon, TX 79015",Fruit Cocktail,Great Value,15 oz,Canned Goods,1.48,2026-06-12,Expanded starter estimate for 79015; verify in Walmart app or receipt before relying on it. Not live pricing.
walmart-79015-0133,Walmart,79015,Walmart Supercenter #793,"1701 N 23rd St, Canyon, TX 79015",Applesauce,Great Value,46 oz,Canned Goods,2.98,2026-06-12,Expanded starter estimate for 79015; verify in Walmart app or receipt before relying on it. Not live pricing.
walmart-79015-0134,Walmart,79015,Walmart Supercenter #793,"1701 N 23rd St, Canyon, TX 79015",Cheerios,General Mills,18 oz,Breakfast,5.48,2026-06-12,Expanded starter estimate for 79015; verify in Walmart app or receipt before relying on it. Not live pricing.
walmart-79015-0135,Walmart,79015,Walmart Supercenter #793,"1701 N 23rd St, Canyon, TX 79015",Honey Nut Oats Cereal,Great Value,18 oz,Breakfast,2.98,2026-06-12,Expanded starter estimate for 79015; verify in Walmart app or receipt before relying on it. Not live pricing.
walmart-79015-0136,Walmart,79015,Walmart Supercenter #793,"1701 N 23rd St, Canyon, TX 79015",Frosted Flakes,Great Value,26.8 oz,Breakfast,3.98,2026-06-12,Expanded starter estimate for 79015; verify in Walmart app or receipt before relying on it. Not live pricing.
walmart-79015-0137,Walmart,79015,Walmart Supercenter #793,"1701 N 23rd St, Canyon, TX 79015",Raisin Bran,Great Value,18.7 oz,Breakfast,2.98,2026-06-12,Expanded starter estimate for 79015; verify in Walmart app or receipt before relying on it. Not live pricing.
walmart-79015-0138,Walmart,79015,Walmart Supercenter #793,"1701 N 23rd St, Canyon, TX 79015",Instant Oatmeal,Great Value,20 ct variety,Breakfast,3.98,2026-06-12,Expanded starter estimate for 79015; verify in Walmart app or receipt before relying on it. Not live pricing.
walmart-79015-0139,Walmart,79015,Walmart Supercenter #793,"1701 N 23rd St, Canyon, TX 79015",Old Fashioned Oats,Great Value,42 oz,Breakfast,4.48,2026-06-12,Expanded starter estimate for 79015; verify in Walmart app or receipt before relying on it. Not live pricing.
walmart-79015-0140,Walmart,79015,Walmart Supercenter #793,"1701 N 23rd St, Canyon, TX 79015",Granola Bars,Great Value,24 ct,Breakfast,4.78,2026-06-12,Expanded starter estimate for 79015; verify in Walmart app or receipt before relying on it. Not live pricing.
walmart-79015-0141,Walmart,79015,Walmart Supercenter #793,"1701 N 23rd St, Canyon, TX 79015",Breakfast Biscuits,Great Value,10 ct,Breakfast,3.98,2026-06-12,Expanded starter estimate for 79015; verify in Walmart app or receipt before relying on it. Not live pricing.
walmart-79015-0142,Walmart,79015,Walmart Supercenter #793,"1701 N 23rd St, Canyon, TX 79015",Pop Tarts,Kellogg's,12 ct,Breakfast,4.48,2026-06-12,Expanded starter estimate for 79015; verify in Walmart app or receipt before relying on it. Not live pricing.
walmart-79015-0143,Walmart,79015,Walmart Supercenter #793,"1701 N 23rd St, Canyon, TX 79015",Frozen Waffles,Great Value,24 ct,Breakfast,3.98,2026-06-12,Expanded starter estimate for 79015; verify in Walmart app or receipt before relying on it. Not live pricing.
walmart-79015-0144,Walmart,79015,Walmart Supercenter #793,"1701 N 23rd St, Canyon, TX 79015",Frozen Mixed Vegetables,Great Value,12 oz,Frozen,1.16,2026-06-12,Expanded starter estimate for 79015; verify in Walmart app or receipt before relying on it. Not live pricing.
walmart-79015-0145,Walmart,79015,Walmart Supercenter #793,"1701 N 23rd St, Canyon, TX 79015",Frozen Broccoli Florets,Great Value,12 oz,Frozen,1.24,2026-06-12,Expanded starter estimate for 79015; verify in Walmart app or receipt before relying on it. Not live pricing.
walmart-79015-0146,Walmart,79015,Walmart Supercenter #793,"1701 N 23rd St, Canyon, TX 79015",Frozen Corn,Great Value,12 oz,Frozen,1.16,2026-06-12,Expanded starter estimate for 79015; verify in Walmart app or receipt before relying on it. Not live pricing.
walmart-79015-0147,Walmart,79015,Walmart Supercenter #793,"1701 N 23rd St, Canyon, TX 79015",Frozen Green Beans,Great Value,12 oz,Frozen,1.16,2026-06-12,Expanded starter estimate for 79015; verify in Walmart app or receipt before relying on it. Not live pricing.
walmart-79015-0148,Walmart,79015,Walmart Supercenter #793,"1701 N 23rd St, Canyon, TX 79015",Frozen Strawberries,Great Value,32 oz,Frozen,6.98,2026-06-12,Expanded starter estimate for 79015; verify in Walmart app or receipt before relying on it. Not live pricing.
walmart-79015-0149,Walmart,79015,Walmart Supercenter #793,"1701 N 23rd St, Canyon, TX 79015",Frozen Blueberries,Great Value,32 oz,Frozen,7.98,2026-06-12,Expanded starter estimate for 79015; verify in Walmart app or receipt before relying on it. Not live pricing.
walmart-79015-0150,Walmart,79015,Walmart Supercenter #793,"1701 N 23rd St, Canyon, TX 79015",Frozen Pizza,Great Value,rising crust pepperoni,Frozen,4.98,2026-06-12,Expanded starter estimate for 79015; verify in Walmart app or receipt before relying on it. Not live pricing.
walmart-79015-0151,Walmart,79015,Walmart Supercenter #793,"1701 N 23rd St, Canyon, TX 79015",Chicken Nuggets,Great Value,29 oz,Frozen,6.98,2026-06-12,Expanded starter estimate for 79015; verify in Walmart app or receipt before relying on it. Not live pricing.
walmart-79015-0152,Walmart,79015,Walmart Supercenter #793,"1701 N 23rd St, Canyon, TX 79015",French Fries,Great Value,32 oz,Frozen,3.48,2026-06-12,Expanded starter estimate for 79015; verify in Walmart app or receipt before relying on it. Not live pricing.
walmart-79015-0153,Walmart,79015,Walmart Supercenter #793,"1701 N 23rd St, Canyon, TX 79015",Ice Cream,Great Value,48 fl oz vanilla,Frozen,2.98,2026-06-12,Expanded starter estimate for 79015; verify in Walmart app or receipt before relying on it. Not live pricing.
walmart-79015-0154,Walmart,79015,Walmart Supercenter #793,"1701 N 23rd St, Canyon, TX 79015",Popsicles,Great Value,18 ct,Frozen,3.98,2026-06-12,Expanded starter estimate for 79015; verify in Walmart app or receipt before relying on it. Not live pricing.
walmart-79015-0155,Walmart,79015,Walmart Supercenter #793,"1701 N 23rd St, Canyon, TX 79015",Frozen Burritos,El Monterey,8 ct,Frozen,5.98,2026-06-12,Expanded starter estimate for 79015; verify in Walmart app or receipt before relying on it. Not live pricing.
walmart-79015-0156,Walmart,79015,Walmart Supercenter #793,"1701 N 23rd St, Canyon, TX 79015",Lasagna,Stouffer's,90 oz,Frozen,14.98,2026-06-12,Expanded starter estimate for 79015; verify in Walmart app or receipt before relying on it. Not live pricing.
walmart-79015-0157,Walmart,79015,Walmart Supercenter #793,"1701 N 23rd St, Canyon, TX 79015",Frozen Dinner,Great Value,single serve,Frozen,2.48,2026-06-12,Expanded starter estimate for 79015; verify in Walmart app or receipt before relying on it. Not live pricing.
walmart-79015-0158,Walmart,79015,Walmart Supercenter #793,"1701 N 23rd St, Canyon, TX 79015",Garlic Bread,Great Value,16 oz,Frozen,2.24,2026-06-12,Expanded starter estimate for 79015; verify in Walmart app or receipt before relying on it. Not live pricing.
walmart-79015-0159,Walmart,79015,Walmart Supercenter #793,"1701 N 23rd St, Canyon, TX 79015",Potato Chips,Great Value,8 oz,Snacks,2.24,2026-06-12,Expanded starter estimate for 79015; verify in Walmart app or receipt before relying on it. Not live pricing.
walmart-79015-0160,Walmart,79015,Walmart Supercenter #793,"1701 N 23rd St, Canyon, TX 79015",Tortilla Chips,Great Value,13 oz,Snacks,2.24,2026-06-12,Expanded starter estimate for 79015; verify in Walmart app or receipt before relying on it. Not live pricing.
walmart-79015-0161,Walmart,79015,Walmart Supercenter #793,"1701 N 23rd St, Canyon, TX 79015",Pretzels,Great Value,16 oz,Snacks,2.48,2026-06-12,Expanded starter estimate for 79015; verify in Walmart app or receipt before relying on it. Not live pricing.
walmart-79015-0162,Walmart,79015,Walmart Supercenter #793,"1701 N 23rd St, Canyon, TX 79015",Crackers,Great Value,13.7 oz,Snacks,2.48,2026-06-12,Expanded starter estimate for 79015; verify in Walmart app or receipt before relying on it. Not live pricing.
walmart-79015-0163,Walmart,79015,Walmart Supercenter #793,"1701 N 23rd St, Canyon, TX 79015",Saltine Crackers,Great Value,16 oz,Snacks,1.98,2026-06-12,Expanded starter estimate for 79015; verify in Walmart app or receipt before relying on it. Not live pricing.
walmart-79015-0164,Walmart,79015,Walmart Supercenter #793,"1701 N 23rd St, Canyon, TX 79015",Fruit Snacks,Great Value,40 ct,Snacks,6.98,2026-06-12,Expanded starter estimate for 79015; verify in Walmart app or receipt before relying on it. Not live pricing.
walmart-79015-0165,Walmart,79015,Walmart Supercenter #793,"1701 N 23rd St, Canyon, TX 79015",Cheese Crackers,Great Value,12.4 oz,Snacks,2.98,2026-06-12,Expanded starter estimate for 79015; verify in Walmart app or receipt before relying on it. Not live pricing.
walmart-79015-0166,Walmart,79015,Walmart Supercenter #793,"1701 N 23rd St, Canyon, TX 79015",Cookies Chocolate Sandwich,Great Value,25.5 oz,Snacks,2.98,2026-06-12,Expanded starter estimate for 79015; verify in Walmart app or receipt before relying on it. Not live pricing.
walmart-79015-0167,Walmart,79015,Walmart Supercenter #793,"1701 N 23rd St, Canyon, TX 79015",Chocolate Chip Cookies,Great Value,13 oz,Snacks,2.48,2026-06-12,Expanded starter estimate for 79015; verify in Walmart app or receipt before relying on it. Not live pricing.
walmart-79015-0168,Walmart,79015,Walmart Supercenter #793,"1701 N 23rd St, Canyon, TX 79015",Popcorn,Great Value,24 ct microwave,Snacks,6.48,2026-06-12,Expanded starter estimate for 79015; verify in Walmart app or receipt before relying on it. Not live pricing.
walmart-79015-0169,Walmart,79015,Walmart Supercenter #793,"1701 N 23rd St, Canyon, TX 79015",Trail Mix,Great Value,26 oz,Snacks,6.98,2026-06-12,Expanded starter estimate for 79015; verify in Walmart app or receipt before relying on it. Not live pricing.
walmart-79015-0170,Walmart,79015,Walmart Supercenter #793,"1701 N 23rd St, Canyon, TX 79015",Beef Jerky,Great Value,10 oz,Snacks,10.98,2026-06-12,Expanded starter estimate for 79015; verify in Walmart app or receipt before relying on it. Not live pricing.
walmart-79015-0171,Walmart,79015,Walmart Supercenter #793,"1701 N 23rd St, Canyon, TX 79015",Applesauce Pouches,Great Value,12 ct,Snacks,5.98,2026-06-12,Expanded starter estimate for 79015; verify in Walmart app or receipt before relying on it. Not live pricing.
walmart-79015-0172,Walmart,79015,Walmart Supercenter #793,"1701 N 23rd St, Canyon, TX 79015",Rice Cakes,Quaker,6.56 oz,Snacks,3.48,2026-06-12,Expanded starter estimate for 79015; verify in Walmart app or receipt before relying on it. Not live pricing.
walmart-79015-0173,Walmart,79015,Walmart Supercenter #793,"1701 N 23rd St, Canyon, TX 79015",Peanut Butter Crackers,Great Value,8 ct,Snacks,2.48,2026-06-12,Expanded starter estimate for 79015; verify in Walmart app or receipt before relying on it. Not live pricing.
walmart-79015-0174,Walmart,79015,Walmart Supercenter #793,"1701 N 23rd St, Canyon, TX 79015",Bottled Water,Great Value,40 ct 16.9 fl oz,Beverages,5.36,2026-06-12,Expanded starter estimate for 79015; verify in Walmart app or receipt before relying on it. Not live pricing.
walmart-79015-0175,Walmart,79015,Walmart Supercenter #793,"1701 N 23rd St, Canyon, TX 79015",Coca-Cola,Coca-Cola,12 pk cans,Beverages,7.48,2026-06-12,Expanded starter estimate for 79015; verify in Walmart app or receipt before relying on it. Not live pricing.
walmart-79015-0176,Walmart,79015,Walmart Supercenter #793,"1701 N 23rd St, Canyon, TX 79015",Dr Pepper,Dr Pepper,12 pk cans,Beverages,7.48,2026-06-12,Expanded starter estimate for 79015; verify in Walmart app or receipt before relying on it. Not live pricing.
walmart-79015-0177,Walmart,79015,Walmart Supercenter #793,"1701 N 23rd St, Canyon, TX 79015",Sprite,Coca-Cola,12 pk cans,Beverages,7.48,2026-06-12,Expanded starter estimate for 79015; verify in Walmart app or receipt before relying on it. Not live pricing.
walmart-79015-0178,Walmart,79015,Walmart Supercenter #793,"1701 N 23rd St, Canyon, TX 79015",Orange Juice,Great Value,52 fl oz,Beverages,3.48,2026-06-12,Expanded starter estimate for 79015; verify in Walmart app or receipt before relying on it. Not live pricing.
walmart-79015-0179,Walmart,79015,Walmart Supercenter #793,"1701 N 23rd St, Canyon, TX 79015",Apple Juice,Great Value,64 fl oz,Beverages,2.48,2026-06-12,Expanded starter estimate for 79015; verify in Walmart app or receipt before relying on it. Not live pricing.
walmart-79015-0180,Walmart,79015,Walmart Supercenter #793,"1701 N 23rd St, Canyon, TX 79015",Grape Juice,Great Value,64 fl oz,Beverages,3.48,2026-06-12,Expanded starter estimate for 79015; verify in Walmart app or receipt before relying on it. Not live pricing.
walmart-79015-0181,Walmart,79015,Walmart Supercenter #793,"1701 N 23rd St, Canyon, TX 79015",Coffee Ground,Great Value,30.5 oz medium roast,Beverages,8.98,2026-06-12,Expanded starter estimate for 79015; verify in Walmart app or receipt before relying on it. Not live pricing.
walmart-79015-0182,Walmart,79015,Walmart Supercenter #793,"1701 N 23rd St, Canyon, TX 79015",Coffee K-Cups,Great Value,48 ct,Beverages,13.98,2026-06-12,Expanded starter estimate for 79015; verify in Walmart app or receipt before relying on it. Not live pricing.
walmart-79015-0183,Walmart,79015,Walmart Supercenter #793,"1701 N 23rd St, Canyon, TX 79015",Tea Bags,Great Value,100 ct,Beverages,2.98,2026-06-12,Expanded starter estimate for 79015; verify in Walmart app or receipt before relying on it. Not live pricing.
walmart-79015-0184,Walmart,79015,Walmart Supercenter #793,"1701 N 23rd St, Canyon, TX 79015",Sports Drink,Great Value,8 pk,Beverages,4.98,2026-06-12,Expanded starter estimate for 79015; verify in Walmart app or receipt before relying on it. Not live pricing.
walmart-79015-0185,Walmart,79015,Walmart Supercenter #793,"1701 N 23rd St, Canyon, TX 79015",Lemonade Mix,Country Time,19 oz,Beverages,3.48,2026-06-12,Expanded starter estimate for 79015; verify in Walmart app or receipt before relying on it. Not live pricing.
walmart-79015-0186,Walmart,79015,Walmart Supercenter #793,"1701 N 23rd St, Canyon, TX 79015",Sparkling Water,LaCroix,12 pk,Beverages,5.98,2026-06-12,Expanded starter estimate for 79015; verify in Walmart app or receipt before relying on it. Not live pricing.
walmart-79015-0187,Walmart,79015,Walmart Supercenter #793,"1701 N 23rd St, Canyon, TX 79015",Energy Drink,Monster,4 pk,Beverages,7.48,2026-06-12,Expanded starter estimate for 79015; verify in Walmart app or receipt before relying on it. Not live pricing.
walmart-79015-0188,Walmart,79015,Walmart Supercenter #793,"1701 N 23rd St, Canyon, TX 79015",Paper Towels,Great Value,6 double rolls,Paper Goods,7.98,2026-06-12,Expanded starter estimate for 79015; verify in Walmart app or receipt before relying on it. Not live pricing.
walmart-79015-0189,Walmart,79015,Walmart Supercenter #793,"1701 N 23rd St, Canyon, TX 79015",Toilet Paper,Great Value,12 mega rolls,Paper Goods,10.98,2026-06-12,Expanded starter estimate for 79015; verify in Walmart app or receipt before relying on it. Not live pricing.
walmart-79015-0190,Walmart,79015,Walmart Supercenter #793,"1701 N 23rd St, Canyon, TX 79015",Facial Tissues,Great Value,6 boxes,Paper Goods,7.98,2026-06-12,Expanded starter estimate for 79015; verify in Walmart app or receipt before relying on it. Not live pricing.
walmart-79015-0191,Walmart,79015,Walmart Supercenter #793,"1701 N 23rd St, Canyon, TX 79015",Napkins,Great Value,250 ct,Paper Goods,2.48,2026-06-12,Expanded starter estimate for 79015; verify in Walmart app or receipt before relying on it. Not live pricing.
walmart-79015-0192,Walmart,79015,Walmart Supercenter #793,"1701 N 23rd St, Canyon, TX 79015",Paper Plates,Great Value,100 ct,Paper Goods,5.98,2026-06-12,Expanded starter estimate for 79015; verify in Walmart app or receipt before relying on it. Not live pricing.
walmart-79015-0193,Walmart,79015,Walmart Supercenter #793,"1701 N 23rd St, Canyon, TX 79015",Plastic Cups,Great Value,100 ct,Paper Goods,4.98,2026-06-12,Expanded starter estimate for 79015; verify in Walmart app or receipt before relying on it. Not live pricing.
walmart-79015-0194,Walmart,79015,Walmart Supercenter #793,"1701 N 23rd St, Canyon, TX 79015",Trash Bags,Great Value,45 ct tall kitchen,Household,8.98,2026-06-12,Expanded starter estimate for 79015; verify in Walmart app or receipt before relying on it. Not live pricing.
walmart-79015-0195,Walmart,79015,Walmart Supercenter #793,"1701 N 23rd St, Canyon, TX 79015",Sandwich Bags,Great Value,150 ct,Household,3.48,2026-06-12,Expanded starter estimate for 79015; verify in Walmart app or receipt before relying on it. Not live pricing.
walmart-79015-0196,Walmart,79015,Walmart Supercenter #793,"1701 N 23rd St, Canyon, TX 79015",Gallon Freezer Bags,Great Value,60 ct,Household,5.48,2026-06-12,Expanded starter estimate for 79015; verify in Walmart app or receipt before relying on it. Not live pricing.
walmart-79015-0197,Walmart,79015,Walmart Supercenter #793,"1701 N 23rd St, Canyon, TX 79015",Aluminum Foil,Great Value,75 sq ft,Household,4.48,2026-06-12,Expanded starter estimate for 79015; verify in Walmart app or receipt before relying on it. Not live pricing.
walmart-79015-0198,Walmart,79015,Walmart Supercenter #793,"1701 N 23rd St, Canyon, TX 79015",Plastic Wrap,Great Value,200 sq ft,Household,2.98,2026-06-12,Expanded starter estimate for 79015; verify in Walmart app or receipt before relying on it. Not live pricing.
walmart-79015-0199,Walmart,79015,Walmart Supercenter #793,"1701 N 23rd St, Canyon, TX 79015",Laundry Detergent,Great Value,100 fl oz,Cleaning,9.98,2026-06-12,Expanded starter estimate for 79015; verify in Walmart app or receipt before relying on it. Not live pricing.
walmart-79015-0200,Walmart,79015,Walmart Supercenter #793,"1701 N 23rd St, Canyon, TX 79015",Dish Soap,Great Value,28 fl oz,Cleaning,2.48,2026-06-12,Expanded starter estimate for 79015; verify in Walmart app or receipt before relying on it. Not live pricing.
walmart-79015-0201,Walmart,79015,Walmart Supercenter #793,"1701 N 23rd St, Canyon, TX 79015",Dishwasher Pods,Great Value,45 ct,Cleaning,8.98,2026-06-12,Expanded starter estimate for 79015; verify in Walmart app or receipt before relying on it. Not live pricing.
walmart-79015-0202,Walmart,79015,Walmart Supercenter #793,"1701 N 23rd St, Canyon, TX 79015",All Purpose Cleaner,Great Value,32 fl oz,Cleaning,2.48,2026-06-12,Expanded starter estimate for 79015; verify in Walmart app or receipt before relying on it. Not live pricing.
walmart-79015-0203,Walmart,79015,Walmart Supercenter #793,"1701 N 23rd St, Canyon, TX 79015",Disinfecting Wipes,Great Value,75 ct,Cleaning,3.48,2026-06-12,Expanded starter estimate for 79015; verify in Walmart app or receipt before relying on it. Not live pricing.
walmart-79015-0204,Walmart,79015,Walmart Supercenter #793,"1701 N 23rd St, Canyon, TX 79015",Bleach,Great Value,81 fl oz,Cleaning,3.98,2026-06-12,Expanded starter estimate for 79015; verify in Walmart app or receipt before relying on it. Not live pricing.
walmart-79015-0205,Walmart,79015,Walmart Supercenter #793,"1701 N 23rd St, Canyon, TX 79015",Glass Cleaner,Great Value,32 fl oz,Cleaning,2.48,2026-06-12,Expanded starter estimate for 79015; verify in Walmart app or receipt before relying on it. Not live pricing.
walmart-79015-0206,Walmart,79015,Walmart Supercenter #793,"1701 N 23rd St, Canyon, TX 79015",Toilet Bowl Cleaner,Great Value,24 oz,Cleaning,2.48,2026-06-12,Expanded starter estimate for 79015; verify in Walmart app or receipt before relying on it. Not live pricing.
walmart-79015-0207,Walmart,79015,Walmart Supercenter #793,"1701 N 23rd St, Canyon, TX 79015",Sponges,Great Value,6 ct,Cleaning,3.48,2026-06-12,Expanded starter estimate for 79015; verify in Walmart app or receipt before relying on it. Not live pricing.
walmart-79015-0208,Walmart,79015,Walmart Supercenter #793,"1701 N 23rd St, Canyon, TX 79015",Fabric Softener Sheets,Great Value,160 ct,Cleaning,4.98,2026-06-12,Expanded starter estimate for 79015; verify in Walmart app or receipt before relying on it. Not live pricing.
walmart-79015-0209,Walmart,79015,Walmart Supercenter #793,"1701 N 23rd St, Canyon, TX 79015",Shampoo,Equate,28 fl oz,Personal Care,4.98,2026-06-12,Expanded starter estimate for 79015; verify in Walmart app or receipt before relying on it. Not live pricing.
walmart-79015-0210,Walmart,79015,Walmart Supercenter #793,"1701 N 23rd St, Canyon, TX 79015",Conditioner,Equate,28 fl oz,Personal Care,4.98,2026-06-12,Expanded starter estimate for 79015; verify in Walmart app or receipt before relying on it. Not live pricing.
walmart-79015-0211,Walmart,79015,Walmart Supercenter #793,"1701 N 23rd St, Canyon, TX 79015",Body Wash,Equate,33 fl oz,Personal Care,5.98,2026-06-12,Expanded starter estimate for 79015; verify in Walmart app or receipt before relying on it. Not live pricing.
walmart-79015-0212,Walmart,79015,Walmart Supercenter #793,"1701 N 23rd St, Canyon, TX 79015",Bar Soap,Equate,8 ct,Personal Care,4.48,2026-06-12,Expanded starter estimate for 79015; verify in Walmart app or receipt before relying on it. Not live pricing.
walmart-79015-0213,Walmart,79015,Walmart Supercenter #793,"1701 N 23rd St, Canyon, TX 79015",Toothpaste,Colgate,3 ct,Personal Care,7.48,2026-06-12,Expanded starter estimate for 79015; verify in Walmart app or receipt before relying on it. Not live pricing.
walmart-79015-0214,Walmart,79015,Walmart Supercenter #793,"1701 N 23rd St, Canyon, TX 79015",Toothbrushes,Equate,4 ct,Personal Care,3.98,2026-06-12,Expanded starter estimate for 79015; verify in Walmart app or receipt before relying on it. Not live pricing.
walmart-79015-0215,Walmart,79015,Walmart Supercenter #793,"1701 N 23rd St, Canyon, TX 79015",Mouthwash,Equate,1 L,Personal Care,4.48,2026-06-12,Expanded starter estimate for 79015; verify in Walmart app or receipt before relying on it. Not live pricing.
walmart-79015-0216,Walmart,79015,Walmart Supercenter #793,"1701 N 23rd St, Canyon, TX 79015",Deodorant,Old Spice,2.6 oz,Personal Care,6.98,2026-06-12,Expanded starter estimate for 79015; verify in Walmart app or receipt before relying on it. Not live pricing.
walmart-79015-0217,Walmart,79015,Walmart Supercenter #793,"1701 N 23rd St, Canyon, TX 79015",Hand Soap,Equate,56 fl oz refill,Personal Care,4.98,2026-06-12,Expanded starter estimate for 79015; verify in Walmart app or receipt before relying on it. Not live pricing.
walmart-79015-0218,Walmart,79015,Walmart Supercenter #793,"1701 N 23rd St, Canyon, TX 79015",Hand Sanitizer,Equate,34 fl oz,Personal Care,4.48,2026-06-12,Expanded starter estimate for 79015; verify in Walmart app or receipt before relying on it. Not live pricing.
walmart-79015-0219,Walmart,79015,Walmart Supercenter #793,"1701 N 23rd St, Canyon, TX 79015",Razors,Equate,12 ct,Personal Care,6.98,2026-06-12,Expanded starter estimate for 79015; verify in Walmart app or receipt before relying on it. Not live pricing.
walmart-79015-0220,Walmart,79015,Walmart Supercenter #793,"1701 N 23rd St, Canyon, TX 79015",Shaving Cream,Equate,11 oz,Personal Care,2.48,2026-06-12,Expanded starter estimate for 79015; verify in Walmart app or receipt before relying on it. Not live pricing.
walmart-79015-0221,Walmart,79015,Walmart Supercenter #793,"1701 N 23rd St, Canyon, TX 79015",Cotton Swabs,Equate,500 ct,Personal Care,3.48,2026-06-12,Expanded starter estimate for 79015; verify in Walmart app or receipt before relying on it. Not live pricing.
walmart-79015-0222,Walmart,79015,Walmart Supercenter #793,"1701 N 23rd St, Canyon, TX 79015",Bandages,Equate,100 ct,Pharmacy,4.48,2026-06-12,Expanded starter estimate for 79015; verify in Walmart app or receipt before relying on it. Not live pricing.
walmart-79015-0223,Walmart,79015,Walmart Supercenter #793,"1701 N 23rd St, Canyon, TX 79015",Pain Reliever,Equate,500 ct ibuprofen,Pharmacy,9.98,2026-06-12,Expanded starter estimate for 79015; verify in Walmart app or receipt before relying on it. Not live pricing.
walmart-79015-0224,Walmart,79015,Walmart Supercenter #793,"1701 N 23rd St, Canyon, TX 79015",Allergy Relief,Equate,365 ct cetirizine,Pharmacy,16.98,2026-06-12,Expanded starter estimate for 79015; verify in Walmart app or receipt before relying on it. Not live pricing.
walmart-79015-0225,Walmart,79015,Walmart Supercenter #793,"1701 N 23rd St, Canyon, TX 79015",Antacid,Equate,150 ct,Pharmacy,5.98,2026-06-12,Expanded starter estimate for 79015; verify in Walmart app or receipt before relying on it. Not live pricing.
walmart-79015-0226,Walmart,79015,Walmart Supercenter #793,"1701 N 23rd St, Canyon, TX 79015",Vitamins,Equate,multivitamin 200 ct,Pharmacy,9.98,2026-06-12,Expanded starter estimate for 79015; verify in Walmart app or receipt before relying on it. Not live pricing.
walmart-79015-0227,Walmart,79015,Walmart Supercenter #793,"1701 N 23rd St, Canyon, TX 79015",Baby Wipes,Parent's Choice,800 ct,Baby,18.98,2026-06-12,Expanded starter estimate for 79015; verify in Walmart app or receipt before relying on it. Not live pricing.
walmart-79015-0228,Walmart,79015,Walmart Supercenter #793,"1701 N 23rd St, Canyon, TX 79015",Diapers Size 4,Parent's Choice,120 ct,Baby,28.98,2026-06-12,Expanded starter estimate for 79015; verify in Walmart app or receipt before relying on it. Not live pricing.
walmart-79015-0229,Walmart,79015,Walmart Supercenter #793,"1701 N 23rd St, Canyon, TX 79015",Pull Ups,Parent's Choice,74 ct,Baby,23.98,2026-06-12,Expanded starter estimate for 79015; verify in Walmart app or receipt before relying on it. Not live pricing.
walmart-79015-0230,Walmart,79015,Walmart Supercenter #793,"1701 N 23rd St, Canyon, TX 79015",Baby Shampoo,Parent's Choice,28 fl oz,Baby,3.98,2026-06-12,Expanded starter estimate for 79015; verify in Walmart app or receipt before relying on it. Not live pricing.
walmart-79015-0231,Walmart,79015,Walmart Supercenter #793,"1701 N 23rd St, Canyon, TX 79015",Dog Food,Ol Roy,50 lb,Pet,28.98,2026-06-12,Expanded starter estimate for 79015; verify in Walmart app or receipt before relying on it. Not live pricing.
walmart-79015-0232,Walmart,79015,Walmart Supercenter #793,"1701 N 23rd St, Canyon, TX 79015",Cat Food,Special Kitty,16 lb,Pet,13.98,2026-06-12,Expanded starter estimate for 79015; verify in Walmart app or receipt before relying on it. Not live pricing.
walmart-79015-0233,Walmart,79015,Walmart Supercenter #793,"1701 N 23rd St, Canyon, TX 79015",Cat Litter,Special Kitty,40 lb,Pet,13.98,2026-06-12,Expanded starter estimate for 79015; verify in Walmart app or receipt before relying on it. Not live pricing.
walmart-79015-0234,Walmart,79015,Walmart Supercenter #793,"1701 N 23rd St, Canyon, TX 79015",Dog Treats,Ol Roy,50 oz,Pet,8.98,2026-06-12,Expanded starter estimate for 79015; verify in Walmart app or receipt before relying on it. Not live pricing.
walmart-79015-0235,Walmart,79015,Walmart Supercenter #793,"1701 N 23rd St, Canyon, TX 79015",Bird Seed,Pennington,20 lb,Pet,14.98,2026-06-12,Expanded starter estimate for 79015; verify in Walmart app or receipt before relying on it. Not live pricing.
walmart-79015-0236,Walmart,79015,Walmart Supercenter #793,"1701 N 23rd St, Canyon, TX 79015",Crayons,Crayola,24 ct,School,0.5,2026-06-12,Expanded starter estimate for 79015; verify in Walmart app or receipt before relying on it. Not live pricing.
walmart-79015-0237,Walmart,79015,Walmart Supercenter #793,"1701 N 23rd St, Canyon, TX 79015",#2 Pencils,Pen+Gear,24 ct,School,5.97,2026-06-12,Expanded starter estimate for 79015; verify in Walmart app or receipt before relying on it. Not live pricing.
walmart-79015-0238,Walmart,79015,Walmart Supercenter #793,"1701 N 23rd St, Canyon, TX 79015",Wide Ruled Notebook,Pen+Gear,70 sheets,School,0.68,2026-06-12,Expanded starter estimate for 79015; verify in Walmart app or receipt before relying on it. Not live pricing.
walmart-79015-0239,Walmart,79015,Walmart Supercenter #793,"1701 N 23rd St, Canyon, TX 79015",College Ruled Notebook,Pen+Gear,70 sheets,School,0.68,2026-06-12,Expanded starter estimate for 79015; verify in Walmart app or receipt before relying on it. Not live pricing.
walmart-79015-0240,Walmart,79015,Walmart Supercenter #793,"1701 N 23rd St, Canyon, TX 79015",Composition Book,Pen+Gear,100 sheets,School,0.98,2026-06-12,Expanded starter estimate for 79015; verify in Walmart app or receipt before relying on it. Not live pricing.
walmart-79015-0241,Walmart,79015,Walmart Supercenter #793,"1701 N 23rd St, Canyon, TX 79015",Glue Sticks,Elmer's,6 ct,School,2.98,2026-06-12,Expanded starter estimate for 79015; verify in Walmart app or receipt before relying on it. Not live pricing.
walmart-79015-0242,Walmart,79015,Walmart Supercenter #793,"1701 N 23rd St, Canyon, TX 79015",Washable Markers,Crayola,10 ct,School,2.97,2026-06-12,Expanded starter estimate for 79015; verify in Walmart app or receipt before relying on it. Not live pricing.
walmart-79015-0243,Walmart,79015,Walmart Supercenter #793,"1701 N 23rd St, Canyon, TX 79015",Colored Pencils,Crayola,12 ct,School,2.98,2026-06-12,Expanded starter estimate for 79015; verify in Walmart app or receipt before relying on it. Not live pricing.
walmart-79015-0244,Walmart,79015,Walmart Supercenter #793,"1701 N 23rd St, Canyon, TX 79015",Scissors,Fiskars,kids 5 inch,School,2.48,2026-06-12,Expanded starter estimate for 79015; verify in Walmart app or receipt before relying on it. Not live pricing.
walmart-79015-0245,Walmart,79015,Walmart Supercenter #793,"1701 N 23rd St, Canyon, TX 79015",Pocket Folders,Pen+Gear,2 pocket,School,0.25,2026-06-12,Expanded starter estimate for 79015; verify in Walmart app or receipt before relying on it. Not live pricing.
walmart-79015-0246,Walmart,79015,Walmart Supercenter #793,"1701 N 23rd St, Canyon, TX 79015",Binder,Pen+Gear,1 inch,School,2.48,2026-06-12,Expanded starter estimate for 79015; verify in Walmart app or receipt before relying on it. Not live pricing.
walmart-79015-0247,Walmart,79015,Walmart Supercenter #793,"1701 N 23rd St, Canyon, TX 79015",Loose Leaf Paper,Pen+Gear,150 sheets,School,1.98,2026-06-12,Expanded starter estimate for 79015; verify in Walmart app or receipt before relying on it. Not live pricing.
walmart-79015-0248,Walmart,79015,Walmart Supercenter #793,"1701 N 23rd St, Canyon, TX 79015",Dry Erase Markers,Expo,4 ct,School,4.98,2026-06-12,Expanded starter estimate for 79015; verify in Walmart app or receipt before relying on it. Not live pricing.
walmart-79015-0249,Walmart,79015,Walmart Supercenter #793,"1701 N 23rd St, Canyon, TX 79015",Index Cards,Pen+Gear,100 ct,School,0.98,2026-06-12,Expanded starter estimate for 79015; verify in Walmart app or receipt before relying on it. Not live pricing.
walmart-79015-0250,Walmart,79015,Walmart Supercenter #793,"1701 N 23rd St, Canyon, TX 79015",Backpack,Wonder Nation,basic,School,14.98,2026-06-12,Expanded starter estimate for 79015; verify in Walmart app or receipt before relying on it. Not live pricing.
walmart-79015-0251,Walmart,79015,Walmart Supercenter #793,"1701 N 23rd St, Canyon, TX 79015",Lunch Box,Mainstays,soft,School,9.98,2026-06-12,Expanded starter estimate for 79015; verify in Walmart app or receipt before relying on it. Not live pricing.
walmart-79015-0252,Walmart,79015,Walmart Supercenter #793,"1701 N 23rd St, Canyon, TX 79015",Printer Paper,Pen+Gear,500 sheets,School,5.98,2026-06-12,Expanded starter estimate for 79015; verify in Walmart app or receipt before relying on it. Not live pricing.
walmart-79015-0253,Walmart,79015,Walmart Supercenter #793,"1701 N 23rd St, Canyon, TX 79015",Black Pens,BIC,10 ct,School,2.48,2026-06-12,Expanded starter estimate for 79015; verify in Walmart app or receipt before relying on it. Not live pricing.
walmart-79015-0254,Walmart,79015,Walmart Supercenter #793,"1701 N 23rd St, Canyon, TX 79015",Highlighters,Pen+Gear,6 ct,School,2.48,2026-06-12,Expanded starter estimate for 79015; verify in Walmart app or receipt before relying on it. Not live pricing.
walmart-79015-0255,Walmart,79015,Walmart Supercenter #793,"1701 N 23rd St, Canyon, TX 79015",Pencil Box,Pen+Gear,plastic,School,1.48,2026-06-12,Expanded starter estimate for 79015; verify in Walmart app or receipt before relying on it. Not live pricing.
walmart-79015-0256,Walmart,79015,Walmart Supercenter #793,"1701 N 23rd St, Canyon, TX 79015",Milk,Fairlife,52 fl oz 2%,Dairy,4.48,2026-06-12,Expanded starter estimate for 79015; verify in Walmart app or receipt before relying on it. Not live pricing.
walmart-79015-0257,Walmart,79015,Walmart Supercenter #793,"1701 N 23rd St, Canyon, TX 79015",Eggs,Eggland's Best,12 ct large,Dairy,4.48,2026-06-12,Expanded starter estimate for 79015; verify in Walmart app or receipt before relying on it. Not live pricing.
walmart-79015-0258,Walmart,79015,Walmart Supercenter #793,"1701 N 23rd St, Canyon, TX 79015",Butter,Land O Lakes,1 lb sticks,Dairy,5.48,2026-06-12,Expanded starter estimate for 79015; verify in Walmart app or receipt before relying on it. Not live pricing.
walmart-79015-0259,Walmart,79015,Walmart Supercenter #793,"1701 N 23rd St, Canyon, TX 79015",Cheddar Cheese Block,Great Value,16 oz,Dairy,4.24,2026-06-12,Expanded starter estimate for 79015; verify in Walmart app or receipt before relying on it. Not live pricing.
walmart-79015-0260,Walmart,79015,Walmart Supercenter #793,"1701 N 23rd St, Canyon, TX 79015",Mozzarella Cheese Block,Great Value,16 oz,Dairy,4.24,2026-06-12,Expanded starter estimate for 79015; verify in Walmart app or receipt before relying on it. Not live pricing.
walmart-79015-0261,Walmart,79015,Walmart Supercenter #793,"1701 N 23rd St, Canyon, TX 79015",Ground Turkey,Butterball,1 lb,Meat,4.48,2026-06-12,Expanded starter estimate for 79015; verify in Walmart app or receipt before relying on it. Not live pricing.
walmart-79015-0262,Walmart,79015,Walmart Supercenter #793,"1701 N 23rd St, Canyon, TX 79015",Turkey Bacon,Great Value,12 oz,Meat,3.48,2026-06-12,Expanded starter estimate for 79015; verify in Walmart app or receipt before relying on it. Not live pricing.
walmart-79015-0263,Walmart,79015,Walmart Supercenter #793,"1701 N 23rd St, Canyon, TX 79015",Bratwurst,Johnsonville,19 oz,Meat,4.98,2026-06-12,Expanded starter estimate for 79015; verify in Walmart app or receipt before relying on it. Not live pricing.
walmart-79015-0264,Walmart,79015,Walmart Supercenter #793,"1701 N 23rd St, Canyon, TX 79015",Chicken Wings,Freshness Guaranteed,per lb,Meat,3.48,2026-06-12,Expanded starter estimate for 79015; verify in Walmart app or receipt before relying on it. Not live pricing.
walmart-79015-0265,Walmart,79015,Walmart Supercenter #793,"1701 N 23rd St, Canyon, TX 79015",Beef Sirloin Steak,Marketside,per lb,Meat,8.98,2026-06-12,Expanded starter estimate for 79015; verify in Walmart app or receipt before relying on it. Not live pricing.
walmart-79015-0266,Walmart,79015,Walmart Supercenter #793,"1701 N 23rd St, Canyon, TX 79015",Clementines,Halos,3 lb bag,Produce,5.98,2026-06-12,Expanded starter estimate for 79015; verify in Walmart app or receipt before relying on it. Not live pricing.
walmart-79015-0267,Walmart,79015,Walmart Supercenter #793,"1701 N 23rd St, Canyon, TX 79015",Watermelon,Fresh Produce,each,Produce,5.98,2026-06-12,Expanded starter estimate for 79015; verify in Walmart app or receipt before relying on it. Not live pricing.
walmart-79015-0268,Walmart,79015,Walmart Supercenter #793,"1701 N 23rd St, Canyon, TX 79015",Pineapple,Fresh Produce,each,Produce,2.98,2026-06-12,Expanded starter estimate for 79015; verify in Walmart app or receipt before relying on it. Not live pricing.
walmart-79015-0269,Walmart,79015,Walmart Supercenter #793,"1701 N 23rd St, Canyon, TX 79015",Cantaloupe,Fresh Produce,each,Produce,2.98,2026-06-12,Expanded starter estimate for 79015; verify in Walmart app or receipt before relying on it. Not live pricing.
walmart-79015-0270,Walmart,79015,Walmart Supercenter #793,"1701 N 23rd St, Canyon, TX 79015",Green Grapes,Fresh Produce,per lb,Produce,2.98,2026-06-12,Expanded starter estimate for 79015; verify in Walmart app or receipt before relying on it. Not live pricing.
walmart-79015-0271,Walmart,79015,Walmart Supercenter #793,"1701 N 23rd St, Canyon, TX 79015",Sourdough Bread,Marketside,24 oz,Bakery,3.98,2026-06-12,Expanded starter estimate for 79015; verify in Walmart app or receipt before relying on it. Not live pricing.
walmart-79015-0272,Walmart,79015,Walmart Supercenter #793,"1701 N 23rd St, Canyon, TX 79015",Croissants,Marketside,6 ct,Bakery,5.98,2026-06-12,Expanded starter estimate for 79015; verify in Walmart app or receipt before relying on it. Not live pricing.
walmart-79015-0273,Walmart,79015,Walmart Supercenter #793,"1701 N 23rd St, Canyon, TX 79015",Hawaiian Rolls,King's Hawaiian,12 ct,Bakery,4.48,2026-06-12,Expanded starter estimate for 79015; verify in Walmart app or receipt before relying on it. Not live pricing.
walmart-79015-0274,Walmart,79015,Walmart Supercenter #793,"1701 N 23rd St, Canyon, TX 79015",Naan Bread,Stonefire,2 ct,Bakery,3.48,2026-06-12,Expanded starter estimate for 79015; verify in Walmart app or receipt before relying on it. Not live pricing.
walmart-79015-0275,Walmart,79015,Walmart Supercenter #793,"1701 N 23rd St, Canyon, TX 79015",Ramen Noodles,Maruchan,12 pk,Pantry,3.48,2026-06-12,Expanded starter estimate for 79015; verify in Walmart app or receipt before relying on it. Not live pricing.
walmart-79015-0276,Walmart,79015,Walmart Supercenter #793,"1701 N 23rd St, Canyon, TX 79015",Canned Chili,Great Value,15 oz,Canned Goods,1.78,2026-06-12,Expanded starter estimate for 79015; verify in Walmart app or receipt before relying on it. Not live pricing.
walmart-79015-0277,Walmart,79015,Walmart Supercenter #793,"1701 N 23rd St, Canyon, TX 79015",Refried Beans,Great Value,16 oz,Canned Goods,0.98,2026-06-12,Expanded starter estimate for 79015; verify in Walmart app or receipt before relying on it. Not live pricing.
walmart-79015-0278,Walmart,79015,Walmart Supercenter #793,"1701 N 23rd St, Canyon, TX 79015",Enchilada Sauce,Great Value,10 oz,Pantry,1.48,2026-06-12,Expanded starter estimate for 79015; verify in Walmart app or receipt before relying on it. Not live pricing.
walmart-79015-0279,Walmart,79015,Walmart Supercenter #793,"1701 N 23rd St, Canyon, TX 79015",Soy Sauce,Great Value,15 fl oz,Pantry,1.98,2026-06-12,Expanded starter estimate for 79015; verify in Walmart app or receipt before relying on it. Not live pricing.
walmart-79015-0280,Walmart,79015,Walmart Supercenter #793,"1701 N 23rd St, Canyon, TX 79015",Hot Sauce,Great Value,12 fl oz,Pantry,1.48,2026-06-12,Expanded starter estimate for 79015; verify in Walmart app or receipt before relying on it. Not live pricing.
walmart-79015-0281,Walmart,79015,Walmart Supercenter #793,"1701 N 23rd St, Canyon, TX 79015",Cooking Spray,Great Value,8 oz,Pantry,2.48,2026-06-12,Expanded starter estimate for 79015; verify in Walmart app or receipt before relying on it. Not live pricing.
walmart-79015-0282,Walmart,79015,Walmart Supercenter #793,"1701 N 23rd St, Canyon, TX 79015",Baking Powder,Great Value,8.1 oz,Pantry,1.98,2026-06-12,Expanded starter estimate for 79015; verify in Walmart app or receipt before relying on it. Not live pricing.
walmart-79015-0283,Walmart,79015,Walmart Supercenter #793,"1701 N 23rd St, Canyon, TX 79015",Vanilla Extract,Great Value,2 fl oz,Pantry,4.98,2026-06-12,Expanded starter estimate for 79015; verify in Walmart app or receipt before relying on it. Not live pricing.
walmart-79015-0284,Walmart,79015,Walmart Supercenter #793,"1701 N 23rd St, Canyon, TX 79015",Chocolate Chips,Great Value,12 oz,Pantry,2.98,2026-06-12,Expanded starter estimate for 79015; verify in Walmart app or receipt before relying on it. Not live pricing.
walmart-79015-0285,Walmart,79015,Walmart Supercenter #793,"1701 N 23rd St, Canyon, TX 79015",Cereal Variety Pack,Kellogg's,8 ct,Breakfast,4.98,2026-06-12,Expanded starter estimate for 79015; verify in Walmart app or receipt before relying on it. Not live pricing.
walmart-79015-0286,Walmart,79015,Walmart Supercenter #793,"1701 N 23rd St, Canyon, TX 79015",Protein Bars,Great Value,10 ct,Breakfast,5.98,2026-06-12,Expanded starter estimate for 79015; verify in Walmart app or receipt before relying on it. Not live pricing.
walmart-79015-0287,Walmart,79015,Walmart Supercenter #793,"1701 N 23rd St, Canyon, TX 79015",Breakfast Sandwiches,Great Value,8 ct frozen,Frozen,9.98,2026-06-12,Expanded starter estimate for 79015; verify in Walmart app or receipt before relying on it. Not live pricing.
walmart-79015-0288,Walmart,79015,Walmart Supercenter #793,"1701 N 23rd St, Canyon, TX 79015",Frozen Chicken Patties,Tyson,26 oz,Frozen,7.98,2026-06-12,Expanded starter estimate for 79015; verify in Walmart app or receipt before relying on it. Not live pricing.
walmart-79015-0289,Walmart,79015,Walmart Supercenter #793,"1701 N 23rd St, Canyon, TX 79015",Frozen Meatballs,Great Value,48 oz,Frozen,10.98,2026-06-12,Expanded starter estimate for 79015; verify in Walmart app or receipt before relying on it. Not live pricing.
walmart-79015-0290,Walmart,79015,Walmart Supercenter #793,"1701 N 23rd St, Canyon, TX 79015",Frozen Taquitos,Jose Ole,20 ct,Frozen,6.98,2026-06-12,Expanded starter estimate for 79015; verify in Walmart app or receipt before relying on it. Not live pricing.
walmart-79015-0291,Walmart,79015,Walmart Supercenter #793,"1701 N 23rd St, Canyon, TX 79015",Frozen Texas Toast,Great Value,8 ct,Frozen,2.48,2026-06-12,Expanded starter estimate for 79015; verify in Walmart app or receipt before relying on it. Not live pricing.
walmart-79015-0292,Walmart,79015,Walmart Supercenter #793,"1701 N 23rd St, Canyon, TX 79015",Doritos,Frito-Lay,9.25 oz,Snacks,4.98,2026-06-12,Expanded starter estimate for 79015; verify in Walmart app or receipt before relying on it. Not live pricing.
walmart-79015-0293,Walmart,79015,Walmart Supercenter #793,"1701 N 23rd St, Canyon, TX 79015",Lay's Potato Chips,Frito-Lay,8 oz,Snacks,4.48,2026-06-12,Expanded starter estimate for 79015; verify in Walmart app or receipt before relying on it. Not live pricing.
walmart-79015-0294,Walmart,79015,Walmart Supercenter #793,"1701 N 23rd St, Canyon, TX 79015",Goldfish Crackers,Pepperidge Farm,27.3 oz,Snacks,8.98,2026-06-12,Expanded starter estimate for 79015; verify in Walmart app or receipt before relying on it. Not live pricing.
walmart-79015-0295,Walmart,79015,Walmart Supercenter #793,"1701 N 23rd St, Canyon, TX 79015",Cheez-It,Kellogg's,21 oz,Snacks,6.98,2026-06-12,Expanded starter estimate for 79015; verify in Walmart app or receipt before relying on it. Not live pricing.
walmart-79015-0296,Walmart,79015,Walmart Supercenter #793,"1701 N 23rd St, Canyon, TX 79015",Nature Valley Bars,General Mills,12 ct,Snacks,4.98,2026-06-12,Expanded starter estimate for 79015; verify in Walmart app or receipt before relying on it. Not live pricing.
walmart-79015-0297,Walmart,79015,Walmart Supercenter #793,"1701 N 23rd St, Canyon, TX 79015",Dr Pepper Zero,Dr Pepper,12 pk cans,Beverages,7.48,2026-06-12,Expanded starter estimate for 79015; verify in Walmart app or receipt before relying on it. Not live pricing.
walmart-79015-0298,Walmart,79015,Walmart Supercenter #793,"1701 N 23rd St, Canyon, TX 79015",Diet Coke,Coca-Cola,12 pk cans,Beverages,7.48,2026-06-12,Expanded starter estimate for 79015; verify in Walmart app or receipt before relying on it. Not live pricing.
walmart-79015-0299,Walmart,79015,Walmart Supercenter #793,"1701 N 23rd St, Canyon, TX 79015",Bottled Water,Ozarka,24 ct,Beverages,5.98,2026-06-12,Expanded starter estimate for 79015; verify in Walmart app or receipt before relying on it. Not live pricing.
walmart-79015-0300,Walmart,79015,Walmart Supercenter #793,"1701 N 23rd St, Canyon, TX 79015",Milk Chocolate Drink Mix,Nesquik,18.7 oz,Beverages,5.48,2026-06-12,Expanded starter estimate for 79015; verify in Walmart app or receipt before relying on it. Not live pricing.
walmart-79015-0301,Walmart,79015,Walmart Supercenter #793,"1701 N 23rd St, Canyon, TX 79015",Paper Towels,Bounty,6 triple rolls,Paper Goods,17.98,2026-06-12,Expanded starter estimate for 79015; verify in Walmart app or receipt before relying on it. Not live pricing.
walmart-79015-0302,Walmart,79015,Walmart Supercenter #793,"1701 N 23rd St, Canyon, TX 79015",Toilet Paper,Charmin,12 mega rolls,Paper Goods,15.98,2026-06-12,Expanded starter estimate for 79015; verify in Walmart app or receipt before relying on it. Not live pricing.
walmart-79015-0303,Walmart,79015,Walmart Supercenter #793,"1701 N 23rd St, Canyon, TX 79015",Laundry Detergent,Tide,92 fl oz,Cleaning,15.98,2026-06-12,Expanded starter estimate for 79015; verify in Walmart app or receipt before relying on it. Not live pricing.
walmart-79015-0304,Walmart,79015,Walmart Supercenter #793,"1701 N 23rd St, Canyon, TX 79015",Dish Soap,Dawn,28 fl oz,Cleaning,4.98,2026-06-12,Expanded starter estimate for 79015; verify in Walmart app or receipt before relying on it. Not live pricing.
walmart-79015-0305,Walmart,79015,Walmart Supercenter #793,"1701 N 23rd St, Canyon, TX 79015",Disinfecting Wipes,Clorox,75 ct,Cleaning,5.48,2026-06-12,Expanded starter estimate for 79015; verify in Walmart app or receipt before relying on it. Not live pricing.
walmart-79015-0306,Walmart,79015,Walmart Supercenter #793,"1701 N 23rd St, Canyon, TX 79015",Trash Bags,Glad,45 ct tall kitchen,Household,11.98,2026-06-12,Expanded starter estimate for 79015; verify in Walmart app or receipt before relying on it. Not live pricing.
walmart-79015-0307,Walmart,79015,Walmart Supercenter #793,"1701 N 23rd St, Canyon, TX 79015",Shampoo,Head & Shoulders,28.2 fl oz,Personal Care,9.98,2026-06-12,Expanded starter estimate for 79015; verify in Walmart app or receipt before relying on it. Not live pricing.
walmart-79015-0308,Walmart,79015,Walmart Supercenter #793,"1701 N 23rd St, Canyon, TX 79015",Toothpaste,Crest,3 ct,Personal Care,7.48,2026-06-12,Expanded starter estimate for 79015; verify in Walmart app or receipt before relying on it. Not live pricing.
walmart-79015-0309,Walmart,79015,Walmart Supercenter #793,"1701 N 23rd St, Canyon, TX 79015",Deodorant,Dove,2.6 oz,Personal Care,6.98,2026-06-12,Expanded starter estimate for 79015; verify in Walmart app or receipt before relying on it. Not live pricing.
walmart-79015-0310,Walmart,79015,Walmart Supercenter #793,"1701 N 23rd St, Canyon, TX 79015",Allergy Relief,Claritin,30 ct,Pharmacy,19.98,2026-06-12,Expanded starter estimate for 79015; verify in Walmart app or receipt before relying on it. Not live pricing.
walmart-79015-0311,Walmart,79015,Walmart Supercenter #793,"1701 N 23rd St, Canyon, TX 79015",Pain Reliever,Tylenol,100 ct,Pharmacy,9.98,2026-06-12,Expanded starter estimate for 79015; verify in Walmart app or receipt before relying on it. Not live pricing.
walmart-79015-0312,Walmart,79015,Walmart Supercenter #793,"1701 N 23rd St, Canyon, TX 79015",Yogurt Cup,Yoplait,6 oz strawberry,Dairy,0.78,2026-06-12,Expanded starter estimate for 79015; verify in Walmart app or receipt before relying on it. Not live pricing.
walmart-79015-0313,Walmart,79015,Walmart Supercenter #793,"1701 N 23rd St, Canyon, TX 79015",Yogurt Cup,Yoplait,6 oz blueberry,Dairy,0.78,2026-06-12,Expanded starter estimate for 79015; verify in Walmart app or receipt before relying on it. Not live pricing.
walmart-79015-0314,Walmart,79015,Walmart Supercenter #793,"1701 N 23rd St, Canyon, TX 79015",Yogurt Cup,Yoplait,6 oz vanilla,Dairy,0.78,2026-06-12,Expanded starter estimate for 79015; verify in Walmart app or receipt before relying on it. Not live pricing.
walmart-79015-0315,Walmart,79015,Walmart Supercenter #793,"1701 N 23rd St, Canyon, TX 79015",Yogurt Cup,Yoplait,6 oz peach,Dairy,0.78,2026-06-12,Expanded starter estimate for 79015; verify in Walmart app or receipt before relying on it. Not live pricing.
walmart-79015-0316,Walmart,79015,Walmart Supercenter #793,"1701 N 23rd St, Canyon, TX 79015",Yogurt Cup,Yoplait,6 oz mixed berry,Dairy,0.78,2026-06-12,Expanded starter estimate for 79015; verify in Walmart app or receipt before relying on it. Not live pricing.
walmart-79015-0317,Walmart,79015,Walmart Supercenter #793,"1701 N 23rd St, Canyon, TX 79015",Yogurt Cup,Yoplait,6 oz cherry,Dairy,0.78,2026-06-12,Expanded starter estimate for 79015; verify in Walmart app or receipt before relying on it. Not live pricing.
walmart-79015-0318,Walmart,79015,Walmart Supercenter #793,"1701 N 23rd St, Canyon, TX 79015",Instant Oatmeal,Quaker,10 ct maple brown sugar,Breakfast,3.98,2026-06-12,Expanded starter estimate for 79015; verify in Walmart app or receipt before relying on it. Not live pricing.
walmart-79015-0319,Walmart,79015,Walmart Supercenter #793,"1701 N 23rd St, Canyon, TX 79015",Instant Oatmeal,Quaker,10 ct apple cinnamon,Breakfast,3.98,2026-06-12,Expanded starter estimate for 79015; verify in Walmart app or receipt before relying on it. Not live pricing.
walmart-79015-0320,Walmart,79015,Walmart Supercenter #793,"1701 N 23rd St, Canyon, TX 79015",Instant Oatmeal,Quaker,10 ct original,Breakfast,3.98,2026-06-12,Expanded starter estimate for 79015; verify in Walmart app or receipt before relying on it. Not live pricing.
walmart-79015-0321,Walmart,79015,Walmart Supercenter #793,"1701 N 23rd St, Canyon, TX 79015",Instant Oatmeal,Quaker,10 ct berries & cream,Breakfast,3.98,2026-06-12,Expanded starter estimate for 79015; verify in Walmart app or receipt before relying on it. Not live pricing.
walmart-79015-0322,Walmart,79015,Walmart Supercenter #793,"1701 N 23rd St, Canyon, TX 79015",Granola Bars,Nature Valley,6 ct oats & honey,Snacks,3.48,2026-06-12,Expanded starter estimate for 79015; verify in Walmart app or receipt before relying on it. Not live pricing.
walmart-79015-0323,Walmart,79015,Walmart Supercenter #793,"1701 N 23rd St, Canyon, TX 79015",Granola Bars,Nature Valley,6 ct peanut butter,Snacks,3.48,2026-06-12,Expanded starter estimate for 79015; verify in Walmart app or receipt before relying on it. Not live pricing.
walmart-79015-0324,Walmart,79015,Walmart Supercenter #793,"1701 N 23rd St, Canyon, TX 79015",Granola Bars,Nature Valley,6 ct dark chocolate,Snacks,3.48,2026-06-12,Expanded starter estimate for 79015; verify in Walmart app or receipt before relying on it. Not live pricing.
walmart-79015-0325,Walmart,79015,Walmart Supercenter #793,"1701 N 23rd St, Canyon, TX 79015",Granola Bars,Nature Valley,6 ct sweet & salty,Snacks,3.48,2026-06-12,Expanded starter estimate for 79015; verify in Walmart app or receipt before relying on it. Not live pricing.
walmart-79015-0326,Walmart,79015,Walmart Supercenter #793,"1701 N 23rd St, Canyon, TX 79015",Chips,Pringles,5.5 oz original,Snacks,2.24,2026-06-12,Expanded starter estimate for 79015; verify in Walmart app or receipt before relying on it. Not live pricing.
walmart-79015-0327,Walmart,79015,Walmart Supercenter #793,"1701 N 23rd St, Canyon, TX 79015",Chips,Pringles,5.5 oz sour cream & onion,Snacks,2.24,2026-06-12,Expanded starter estimate for 79015; verify in Walmart app or receipt before relying on it. Not live pricing.
walmart-79015-0328,Walmart,79015,Walmart Supercenter #793,"1701 N 23rd St, Canyon, TX 79015",Chips,Pringles,5.5 oz cheddar cheese,Snacks,2.24,2026-06-12,Expanded starter estimate for 79015; verify in Walmart app or receipt before relying on it. Not live pricing.
walmart-79015-0329,Walmart,79015,Walmart Supercenter #793,"1701 N 23rd St, Canyon, TX 79015",Chips,Pringles,5.5 oz BBQ,Snacks,2.24,2026-06-12,Expanded starter estimate for 79015; verify in Walmart app or receipt before relying on it. Not live pricing.
walmart-79015-0330,Walmart,79015,Walmart Supercenter #793,"1701 N 23rd St, Canyon, TX 79015",Chips,Pringles,5.5 oz pizza,Snacks,2.24,2026-06-12,Expanded starter estimate for 79015; verify in Walmart app or receipt before relying on it. Not live pricing.
walmart-79015-0331,Walmart,79015,Walmart Supercenter #793,"1701 N 23rd St, Canyon, TX 79015",Frozen Pizza,DiGiorno,rising crust pepperoni,Frozen,6.98,2026-06-12,Expanded starter estimate for 79015; verify in Walmart app or receipt before relying on it. Not live pricing.
walmart-79015-0332,Walmart,79015,Walmart Supercenter #793,"1701 N 23rd St, Canyon, TX 79015",Frozen Pizza,DiGiorno,rising crust four cheese,Frozen,6.98,2026-06-12,Expanded starter estimate for 79015; verify in Walmart app or receipt before relying on it. Not live pricing.
walmart-79015-0333,Walmart,79015,Walmart Supercenter #793,"1701 N 23rd St, Canyon, TX 79015",Frozen Pizza,DiGiorno,rising crust supreme,Frozen,6.98,2026-06-12,Expanded starter estimate for 79015; verify in Walmart app or receipt before relying on it. Not live pricing.
walmart-79015-0334,Walmart,79015,Walmart Supercenter #793,"1701 N 23rd St, Canyon, TX 79015",Frozen Pizza,DiGiorno,rising crust three meat,Frozen,6.98,2026-06-12,Expanded starter estimate for 79015; verify in Walmart app or receipt before relying on it. Not live pricing.
walmart-79015-0335,Walmart,79015,Walmart Supercenter #793,"1701 N 23rd St, Canyon, TX 79015",Ice Cream,Blue Bell,half gallon homemade vanilla,Frozen,8.98,2026-06-12,Expanded starter estimate for 79015; verify in Walmart app or receipt before relying on it. Not live pricing.
walmart-79015-0336,Walmart,79015,Walmart Supercenter #793,"1701 N 23rd St, Canyon, TX 79015",Ice Cream,Blue Bell,half gallon cookies n cream,Frozen,8.98,2026-06-12,Expanded starter estimate for 79015; verify in Walmart app or receipt before relying on it. Not live pricing.
walmart-79015-0337,Walmart,79015,Walmart Supercenter #793,"1701 N 23rd St, Canyon, TX 79015",Ice Cream,Blue Bell,half gallon chocolate,Frozen,8.98,2026-06-12,Expanded starter estimate for 79015; verify in Walmart app or receipt before relying on it. Not live pricing.
walmart-79015-0338,Walmart,79015,Walmart Supercenter #793,"1701 N 23rd St, Canyon, TX 79015",Ice Cream,Blue Bell,half gallon strawberry,Frozen,8.98,2026-06-12,Expanded starter estimate for 79015; verify in Walmart app or receipt before relying on it. Not live pricing.
walmart-79015-0339,Walmart,79015,Walmart Supercenter #793,"1701 N 23rd St, Canyon, TX 79015",Sparkling Water,Great Value,12 pk black cherry,Beverages,3.98,2026-06-12,Expanded starter estimate for 79015; verify in Walmart app or receipt before relying on it. Not live pricing.
walmart-79015-0340,Walmart,79015,Walmart Supercenter #793,"1701 N 23rd St, Canyon, TX 79015",Sparkling Water,Great Value,12 pk lime,Beverages,3.98,2026-06-12,Expanded starter estimate for 79015; verify in Walmart app or receipt before relying on it. Not live pricing.
walmart-79015-0341,Walmart,79015,Walmart Supercenter #793,"1701 N 23rd St, Canyon, TX 79015",Sparkling Water,Great Value,12 pk lemon,Beverages,3.98,2026-06-12,Expanded starter estimate for 79015; verify in Walmart app or receipt before relying on it. Not live pricing.
walmart-79015-0342,Walmart,79015,Walmart Supercenter #793,"1701 N 23rd St, Canyon, TX 79015",Sparkling Water,Great Value,12 pk berry,Beverages,3.98,2026-06-12,Expanded starter estimate for 79015; verify in Walmart app or receipt before relying on it. Not live pricing.
walmart-79015-0343,Walmart,79015,Walmart Supercenter #793,"1701 N 23rd St, Canyon, TX 79015",Soda,Great Value,12 pk cola,Beverages,4.48,2026-06-12,Expanded starter estimate for 79015; verify in Walmart app or receipt before relying on it. Not live pricing.
walmart-79015-0344,Walmart,79015,Walmart Supercenter #793,"1701 N 23rd St, Canyon, TX 79015",Soda,Great Value,12 pk diet cola,Beverages,4.48,2026-06-12,Expanded starter estimate for 79015; verify in Walmart app or receipt before relying on it. Not live pricing.
walmart-79015-0345,Walmart,79015,Walmart Supercenter #793,"1701 N 23rd St, Canyon, TX 79015",Soda,Great Value,12 pk root beer,Beverages,4.48,2026-06-12,Expanded starter estimate for 79015; verify in Walmart app or receipt before relying on it. Not live pricing.
walmart-79015-0346,Walmart,79015,Walmart Supercenter #793,"1701 N 23rd St, Canyon, TX 79015",Soda,Great Value,12 pk orange,Beverages,4.48,2026-06-12,Expanded starter estimate for 79015; verify in Walmart app or receipt before relying on it. Not live pricing.
walmart-79015-0347,Walmart,79015,Walmart Supercenter #793,"1701 N 23rd St, Canyon, TX 79015",Soda,Great Value,12 pk lemon lime,Beverages,4.48,2026-06-12,Expanded starter estimate for 79015; verify in Walmart app or receipt before relying on it. Not live pricing.
walmart-79015-0348,Walmart,79015,Walmart Supercenter #793,"1701 N 23rd St, Canyon, TX 79015",Canned Soup,Campbell's,10.5 oz tomato,Canned Goods,1.48,2026-06-12,Expanded starter estimate for 79015; verify in Walmart app or receipt before relying on it. Not live pricing.
walmart-79015-0349,Walmart,79015,Walmart Supercenter #793,"1701 N 23rd St, Canyon, TX 79015",Canned Soup,Campbell's,10.5 oz chicken noodle,Canned Goods,1.48,2026-06-12,Expanded starter estimate for 79015; verify in Walmart app or receipt before relying on it. Not live pricing.
walmart-79015-0350,Walmart,79015,Walmart Supercenter #793,"1701 N 23rd St, Canyon, TX 79015",Canned Soup,Campbell's,10.5 oz cream of chicken,Canned Goods,1.48,2026-06-12,Expanded starter estimate for 79015; verify in Walmart app or receipt before relying on it. Not live pricing.
walmart-79015-0351,Walmart,79015,Walmart Supercenter #793,"1701 N 23rd St, Canyon, TX 79015",Canned Soup,Campbell's,10.5 oz cream of mushroom,Canned Goods,1.48,2026-06-12,Expanded starter estimate for 79015; verify in Walmart app or receipt before relying on it. Not live pricing.
walmart-79015-0352,Walmart,79015,Walmart Supercenter #793,"1701 N 23rd St, Canyon, TX 79015",Pasta Sauce,Prego,24 oz traditional,Pantry,2.98,2026-06-12,Expanded starter estimate for 79015; verify in Walmart app or receipt before relying on it. Not live pricing.
walmart-79015-0353,Walmart,79015,Walmart Supercenter #793,"1701 N 23rd St, Canyon, TX 79015",Pasta Sauce,Prego,24 oz meat,Pantry,2.98,2026-06-12,Expanded starter estimate for 79015; verify in Walmart app or receipt before relying on it. Not live pricing.
walmart-79015-0354,Walmart,79015,Walmart Supercenter #793,"1701 N 23rd St, Canyon, TX 79015",Pasta Sauce,Prego,24 oz roasted garlic,Pantry,2.98,2026-06-12,Expanded starter estimate for 79015; verify in Walmart app or receipt before relying on it. Not live pricing.
walmart-79015-0355,Walmart,79015,Walmart Supercenter #793,"1701 N 23rd St, Canyon, TX 79015",Pasta Sauce,Prego,24 oz tomato basil,Pantry,2.98,2026-06-12,Expanded starter estimate for 79015; verify in Walmart app or receipt before relying on it. Not live pricing.
united-79015-0001,United Supermarkets,79015,United Supermarkets N 23rd & Russell Long,"201 N 23rd St, Canyon, TX 79015",Milk,United / store brand,1 gal whole milk,Dairy,4.04,2026-06-12,Expanded starter estimate for 79015; verify in United app/DriveUp & Go or receipt before relying on it. Not live pricing.
united-79015-0002,United Supermarkets,79015,United Supermarkets N 23rd & Russell Long,"201 N 23rd St, Canyon, TX 79015",Milk,United / store brand,1 gal 2% milk,Dairy,4.04,2026-06-12,Expanded starter estimate for 79015; verify in United app/DriveUp & Go or receipt before relying on it. Not live pricing.
united-79015-0003,United Supermarkets,79015,United Supermarkets N 23rd & Russell Long,"201 N 23rd St, Canyon, TX 79015",Milk,United / store brand,1 gal 1% milk,Dairy,4.04,2026-06-12,Expanded starter estimate for 79015; verify in United app/DriveUp & Go or receipt before relying on it. Not live pricing.
united-79015-0004,United Supermarkets,79015,United Supermarkets N 23rd & Russell Long,"201 N 23rd St, Canyon, TX 79015",Chocolate Milk,United / store brand,1/2 gal,Dairy,3.06,2026-06-12,Expanded starter estimate for 79015; verify in United app/DriveUp & Go or receipt before relying on it. Not live pricing.
united-79015-0005,United Supermarkets,79015,United Supermarkets N 23rd & Russell Long,"201 N 23rd St, Canyon, TX 79015",Half & Half,United / store brand,32 fl oz,Dairy,3.66,2026-06-12,Expanded starter estimate for 79015; verify in United app/DriveUp & Go or receipt before relying on it. Not live pricing.
united-79015-0006,United Supermarkets,79015,United Supermarkets N 23rd & Russell Long,"201 N 23rd St, Canyon, TX 79015",Heavy Whipping Cream,United / store brand,16 fl oz,Dairy,3.73,2026-06-12,Expanded starter estimate for 79015; verify in United app/DriveUp & Go or receipt before relying on it. Not live pricing.
united-79015-0007,United Supermarkets,79015,United Supermarkets N 23rd & Russell Long,"201 N 23rd St, Canyon, TX 79015",Eggs,United / store brand,12 ct large,Dairy,4.45,2026-06-12,Expanded starter estimate for 79015; verify in United app/DriveUp & Go or receipt before relying on it. Not live pricing.
united-79015-0008,United Supermarkets,79015,United Supermarkets N 23rd & Russell Long,"201 N 23rd St, Canyon, TX 79015",Eggs,United / store brand,18 ct large,Dairy,6.17,2026-06-12,Expanded starter estimate for 79015; verify in United app/DriveUp & Go or receipt before relying on it. Not live pricing.
united-79015-0009,United Supermarkets,79015,United Supermarkets N 23rd & Russell Long,"201 N 23rd St, Canyon, TX 79015",Butter,United / store brand,1 lb sticks,Dairy,4.56,2026-06-12,Expanded starter estimate for 79015; verify in United app/DriveUp & Go or receipt before relying on it. Not live pricing.
united-79015-0010,United Supermarkets,79015,United Supermarkets N 23rd & Russell Long,"201 N 23rd St, Canyon, TX 79015",Margarine Spread,United / store brand,45 oz tub,Dairy,4.0,2026-06-12,Expanded starter estimate for 79015; verify in United app/DriveUp & Go or receipt before relying on it. Not live pricing.
united-79015-0011,United Supermarkets,79015,United Supermarkets N 23rd & Russell Long,"201 N 23rd St, Canyon, TX 79015",Shredded Cheddar Cheese,United / store brand,8 oz,Dairy,2.59,2026-06-12,Expanded starter estimate for 79015; verify in United app/DriveUp & Go or receipt before relying on it. Not live pricing.
united-79015-0012,United Supermarkets,79015,United Supermarkets N 23rd & Russell Long,"201 N 23rd St, Canyon, TX 79015",Shredded Mozzarella Cheese,United / store brand,8 oz,Dairy,2.59,2026-06-12,Expanded starter estimate for 79015; verify in United app/DriveUp & Go or receipt before relying on it. Not live pricing.
united-79015-0013,United Supermarkets,79015,United Supermarkets N 23rd & Russell Long,"201 N 23rd St, Canyon, TX 79015",Sliced American Cheese,United / store brand,16 ct,Dairy,2.88,2026-06-12,Expanded starter estimate for 79015; verify in United app/DriveUp & Go or receipt before relying on it. Not live pricing.
united-79015-0014,United Supermarkets,79015,United Supermarkets N 23rd & Russell Long,"201 N 23rd St, Canyon, TX 79015",Cream Cheese,United / store brand,8 oz,Dairy,2.3,2026-06-12,Expanded starter estimate for 79015; verify in United app/DriveUp & Go or receipt before relying on it. Not live pricing.
united-79015-0015,United Supermarkets,79015,United Supermarkets N 23rd & Russell Long,"201 N 23rd St, Canyon, TX 79015",Sour Cream,United / store brand,16 oz,Dairy,2.32,2026-06-12,Expanded starter estimate for 79015; verify in United app/DriveUp & Go or receipt before relying on it. Not live pricing.
united-79015-0016,United Supermarkets,79015,United Supermarkets N 23rd & Russell Long,"201 N 23rd St, Canyon, TX 79015",Greek Yogurt,United / store brand,32 oz plain,Dairy,4.18,2026-06-12,Expanded starter estimate for 79015; verify in United app/DriveUp & Go or receipt before relying on it. Not live pricing.
united-79015-0017,United Supermarkets,79015,United Supermarkets N 23rd & Russell Long,"201 N 23rd St, Canyon, TX 79015",Yogurt Cups,United / store brand,8 ct,Dairy,4.54,2026-06-12,Expanded starter estimate for 79015; verify in United app/DriveUp & Go or receipt before relying on it. Not live pricing.
united-79015-0018,United Supermarkets,79015,United Supermarkets N 23rd & Russell Long,"201 N 23rd St, Canyon, TX 79015",Cottage Cheese,United / store brand,24 oz,Dairy,3.95,2026-06-12,Expanded starter estimate for 79015; verify in United app/DriveUp & Go or receipt before relying on it. Not live pricing.
united-79015-0019,United Supermarkets,79015,United Supermarkets N 23rd & Russell Long,"201 N 23rd St, Canyon, TX 79015",String Cheese,United / store brand,12 ct,Dairy,4.56,2026-06-12,Expanded starter estimate for 79015; verify in United app/DriveUp & Go or receipt before relying on it. Not live pricing.
united-79015-0020,United Supermarkets,79015,United Supermarkets N 23rd & Russell Long,"201 N 23rd St, Canyon, TX 79015",Coffee Creamer,United / store brand,32 fl oz vanilla,Dairy,3.77,2026-06-12,Expanded starter estimate for 79015; verify in United app/DriveUp & Go or receipt before relying on it. Not live pricing.
united-79015-0021,United Supermarkets,79015,United Supermarkets N 23rd & Russell Long,"201 N 23rd St, Canyon, TX 79015",Boneless Skinless Chicken Breast,United / store brand,per lb,Meat,3.43,2026-06-12,Expanded starter estimate for 79015; verify in United app/DriveUp & Go or receipt before relying on it. Not live pricing.
united-79015-0022,United Supermarkets,79015,United Supermarkets N 23rd & Russell Long,"201 N 23rd St, Canyon, TX 79015",Chicken Tenderloins,United / store brand,per lb,Meat,4.0,2026-06-12,Expanded starter estimate for 79015; verify in United app/DriveUp & Go or receipt before relying on it. Not live pricing.
united-79015-0023,United Supermarkets,79015,United Supermarkets N 23rd & Russell Long,"201 N 23rd St, Canyon, TX 79015",Chicken Drumsticks,United / store brand,per lb,Meat,1.76,2026-06-12,Expanded starter estimate for 79015; verify in United app/DriveUp & Go or receipt before relying on it. Not live pricing.
united-79015-0024,United Supermarkets,79015,United Supermarkets N 23rd & Russell Long,"201 N 23rd St, Canyon, TX 79015",Chicken Thighs,United / store brand,per lb,Meat,2.32,2026-06-12,Expanded starter estimate for 79015; verify in United app/DriveUp & Go or receipt before relying on it. Not live pricing.
united-79015-0025,United Supermarkets,79015,United Supermarkets N 23rd & Russell Long,"201 N 23rd St, Canyon, TX 79015",Ground Beef 80/20,United / store brand,per lb,Meat,5.11,2026-06-12,Expanded starter estimate for 79015; verify in United app/DriveUp & Go or receipt before relying on it. Not live pricing.
united-79015-0026,United Supermarkets,79015,United Supermarkets N 23rd & Russell Long,"201 N 23rd St, Canyon, TX 79015",Ground Beef 93/7,United / store brand,per lb,Meat,6.79,2026-06-12,Expanded starter estimate for 79015; verify in United app/DriveUp & Go or receipt before relying on it. Not live pricing.
united-79015-0027,United Supermarkets,79015,United Supermarkets N 23rd & Russell Long,"201 N 23rd St, Canyon, TX 79015",Chuck Roast,United / store brand,per lb,Meat,7.35,2026-06-12,Expanded starter estimate for 79015; verify in United app/DriveUp & Go or receipt before relying on it. Not live pricing.
united-79015-0028,United Supermarkets,79015,United Supermarkets N 23rd & Russell Long,"201 N 23rd St, Canyon, TX 79015",Beef Stew Meat,United / store brand,per lb,Meat,7.92,2026-06-12,Expanded starter estimate for 79015; verify in United app/DriveUp & Go or receipt before relying on it. Not live pricing.
united-79015-0029,United Supermarkets,79015,United Supermarkets N 23rd & Russell Long,"201 N 23rd St, Canyon, TX 79015",Pork Chops,United / store brand,per lb,Meat,4.0,2026-06-12,Expanded starter estimate for 79015; verify in United app/DriveUp & Go or receipt before relying on it. Not live pricing.
united-79015-0030,United Supermarkets,79015,United Supermarkets N 23rd & Russell Long,"201 N 23rd St, Canyon, TX 79015",Pork Loin,United / store brand,per lb,Meat,3.44,2026-06-12,Expanded starter estimate for 79015; verify in United app/DriveUp & Go or receipt before relying on it. Not live pricing.
united-79015-0031,United Supermarkets,79015,United Supermarkets N 23rd & Russell Long,"201 N 23rd St, Canyon, TX 79015",Bacon,United / store brand,12 oz,Meat,5.12,2026-06-12,Expanded starter estimate for 79015; verify in United app/DriveUp & Go or receipt before relying on it. Not live pricing.
united-79015-0032,United Supermarkets,79015,United Supermarkets N 23rd & Russell Long,"201 N 23rd St, Canyon, TX 79015",Breakfast Sausage,United / store brand,1 lb roll,Meat,4.0,2026-06-12,Expanded starter estimate for 79015; verify in United app/DriveUp & Go or receipt before relying on it. Not live pricing.
united-79015-0033,United Supermarkets,79015,United Supermarkets N 23rd & Russell Long,"201 N 23rd St, Canyon, TX 79015",Hot Dogs,Bar-S,12 oz,Meat,1.65,2026-06-12,Expanded starter estimate for 79015; verify in United app/DriveUp & Go or receipt before relying on it. Not live pricing.
united-79015-0034,United Supermarkets,79015,United Supermarkets N 23rd & Russell Long,"201 N 23rd St, Canyon, TX 79015",Deli Turkey,United / store brand,9 oz,Meat,4.71,2026-06-12,Expanded starter estimate for 79015; verify in United app/DriveUp & Go or receipt before relying on it. Not live pricing.
united-79015-0035,United Supermarkets,79015,United Supermarkets N 23rd & Russell Long,"201 N 23rd St, Canyon, TX 79015",Deli Ham,United / store brand,9 oz,Meat,4.56,2026-06-12,Expanded starter estimate for 79015; verify in United app/DriveUp & Go or receipt before relying on it. Not live pricing.
united-79015-0036,United Supermarkets,79015,United Supermarkets N 23rd & Russell Long,"201 N 23rd St, Canyon, TX 79015",Frozen Salmon Fillets,United / store brand,2 lb bag,Meat,15.76,2026-06-12,Expanded starter estimate for 79015; verify in United app/DriveUp & Go or receipt before relying on it. Not live pricing.
united-79015-0037,United Supermarkets,79015,United Supermarkets N 23rd & Russell Long,"201 N 23rd St, Canyon, TX 79015",Tilapia Fillets,United / store brand,2 lb bag,Meat,10.14,2026-06-12,Expanded starter estimate for 79015; verify in United app/DriveUp & Go or receipt before relying on it. Not live pricing.
united-79015-0038,United Supermarkets,79015,United Supermarkets N 23rd & Russell Long,"201 N 23rd St, Canyon, TX 79015",Cooked Shrimp,United / store brand,12 oz,Meat,7.92,2026-06-12,Expanded starter estimate for 79015; verify in United app/DriveUp & Go or receipt before relying on it. Not live pricing.
united-79015-0039,United Supermarkets,79015,United Supermarkets N 23rd & Russell Long,"201 N 23rd St, Canyon, TX 79015",Rotisserie Chicken,United / store brand,each,Meat,7.91,2026-06-12,Expanded starter estimate for 79015; verify in United app/DriveUp & Go or receipt before relying on it. Not live pricing.
united-79015-0040,United Supermarkets,79015,United Supermarkets N 23rd & Russell Long,"201 N 23rd St, Canyon, TX 79015",Meatballs,United / store brand,32 oz frozen,Meat,9.04,2026-06-12,Expanded starter estimate for 79015; verify in United app/DriveUp & Go or receipt before relying on it. Not live pricing.
united-79015-0041,United Supermarkets,79015,United Supermarkets N 23rd & Russell Long,"201 N 23rd St, Canyon, TX 79015",Bananas,United / store brand,per lb,Produce,0.75,2026-06-12,Expanded starter estimate for 79015; verify in United app/DriveUp & Go or receipt before relying on it. Not live pricing.
united-79015-0042,United Supermarkets,79015,United Supermarkets N 23rd & Russell Long,"201 N 23rd St, Canyon, TX 79015",Apples Gala,United / store brand,3 lb bag,Produce,5.68,2026-06-12,Expanded starter estimate for 79015; verify in United app/DriveUp & Go or receipt before relying on it. Not live pricing.
united-79015-0043,United Supermarkets,79015,United Supermarkets N 23rd & Russell Long,"201 N 23rd St, Canyon, TX 79015",Apples Honeycrisp,United / store brand,3 lb bag,Produce,7.92,2026-06-12,Expanded starter estimate for 79015; verify in United app/DriveUp & Go or receipt before relying on it. Not live pricing.
united-79015-0044,United Supermarkets,79015,United Supermarkets N 23rd & Russell Long,"201 N 23rd St, Canyon, TX 79015",Oranges,United / store brand,4 lb bag,Produce,6.8,2026-06-12,Expanded starter estimate for 79015; verify in United app/DriveUp & Go or receipt before relying on it. Not live pricing.
united-79015-0045,United Supermarkets,79015,United Supermarkets N 23rd & Russell Long,"201 N 23rd St, Canyon, TX 79015",Mandarins,United / store brand,3 lb bag,Produce,5.68,2026-06-12,Expanded starter estimate for 79015; verify in United app/DriveUp & Go or receipt before relying on it. Not live pricing.
united-79015-0046,United Supermarkets,79015,United Supermarkets N 23rd & Russell Long,"201 N 23rd St, Canyon, TX 79015",Grapes Red Seedless,United / store brand,per lb,Produce,3.44,2026-06-12,Expanded starter estimate for 79015; verify in United app/DriveUp & Go or receipt before relying on it. Not live pricing.
united-79015-0047,United Supermarkets,79015,United Supermarkets N 23rd & Russell Long,"201 N 23rd St, Canyon, TX 79015",Strawberries,United / store brand,1 lb,Produce,4.0,2026-06-12,Expanded starter estimate for 79015; verify in United app/DriveUp & Go or receipt before relying on it. Not live pricing.
united-79015-0048,United Supermarkets,79015,United Supermarkets N 23rd & Russell Long,"201 N 23rd St, Canyon, TX 79015",Blueberries,United / store brand,pint,Produce,4.56,2026-06-12,Expanded starter estimate for 79015; verify in United app/DriveUp & Go or receipt before relying on it. Not live pricing.
united-79015-0049,United Supermarkets,79015,United Supermarkets N 23rd & Russell Long,"201 N 23rd St, Canyon, TX 79015",Avocados,United / store brand,each,Produce,1.09,2026-06-12,Expanded starter estimate for 79015; verify in United app/DriveUp & Go or receipt before relying on it. Not live pricing.
united-79015-0050,United Supermarkets,79015,United Supermarkets N 23rd & Russell Long,"201 N 23rd St, Canyon, TX 79015",Tomatoes Roma,United / store brand,per lb,Produce,1.53,2026-06-12,Expanded starter estimate for 79015; verify in United app/DriveUp & Go or receipt before relying on it. Not live pricing.
united-79015-0051,United Supermarkets,79015,United Supermarkets N 23rd & Russell Long,"201 N 23rd St, Canyon, TX 79015",Cherry Tomatoes,United / store brand,10 oz,Produce,2.88,2026-06-12,Expanded starter estimate for 79015; verify in United app/DriveUp & Go or receipt before relying on it. Not live pricing.
united-79015-0052,United Supermarkets,79015,United Supermarkets N 23rd & Russell Long,"201 N 23rd St, Canyon, TX 79015",Yellow Onions,United / store brand,3 lb bag,Produce,3.06,2026-06-12,Expanded starter estimate for 79015; verify in United app/DriveUp & Go or receipt before relying on it. Not live pricing.
united-79015-0053,United Supermarkets,79015,United Supermarkets N 23rd & Russell Long,"201 N 23rd St, Canyon, TX 79015",Russet Potatoes,United / store brand,10 lb bag,Produce,6.8,2026-06-12,Expanded starter estimate for 79015; verify in United app/DriveUp & Go or receipt before relying on it. Not live pricing.
united-79015-0054,United Supermarkets,79015,United Supermarkets N 23rd & Russell Long,"201 N 23rd St, Canyon, TX 79015",Sweet Potatoes,United / store brand,per lb,Produce,1.49,2026-06-12,Expanded starter estimate for 79015; verify in United app/DriveUp & Go or receipt before relying on it. Not live pricing.
united-79015-0055,United Supermarkets,79015,United Supermarkets N 23rd & Russell Long,"201 N 23rd St, Canyon, TX 79015",Carrots,United / store brand,2 lb bag,Produce,2.3,2026-06-12,Expanded starter estimate for 79015; verify in United app/DriveUp & Go or receipt before relying on it. Not live pricing.
united-79015-0056,United Supermarkets,79015,United Supermarkets N 23rd & Russell Long,"201 N 23rd St, Canyon, TX 79015",Celery,United / store brand,bunch,Produce,2.3,2026-06-12,Expanded starter estimate for 79015; verify in United app/DriveUp & Go or receipt before relying on it. Not live pricing.
united-79015-0057,United Supermarkets,79015,United Supermarkets N 23rd & Russell Long,"201 N 23rd St, Canyon, TX 79015",Romaine Hearts,United / store brand,3 ct,Produce,4.0,2026-06-12,Expanded starter estimate for 79015; verify in United app/DriveUp & Go or receipt before relying on it. Not live pricing.
united-79015-0058,United Supermarkets,79015,United Supermarkets N 23rd & Russell Long,"201 N 23rd St, Canyon, TX 79015",Iceberg Lettuce,United / store brand,head,Produce,2.21,2026-06-12,Expanded starter estimate for 79015; verify in United app/DriveUp & Go or receipt before relying on it. Not live pricing.
united-79015-0059,United Supermarkets,79015,United Supermarkets N 23rd & Russell Long,"201 N 23rd St, Canyon, TX 79015",Baby Spinach,United / store brand,10 oz,Produce,4.56,2026-06-12,Expanded starter estimate for 79015; verify in United app/DriveUp & Go or receipt before relying on it. Not live pricing.
united-79015-0060,United Supermarkets,79015,United Supermarkets N 23rd & Russell Long,"201 N 23rd St, Canyon, TX 79015",Broccoli Crowns,United / store brand,per lb,Produce,2.32,2026-06-12,Expanded starter estimate for 79015; verify in United app/DriveUp & Go or receipt before relying on it. Not live pricing.
united-79015-0061,United Supermarkets,79015,United Supermarkets N 23rd & Russell Long,"201 N 23rd St, Canyon, TX 79015",Cauliflower,United / store brand,head,Produce,4.0,2026-06-12,Expanded starter estimate for 79015; verify in United app/DriveUp & Go or receipt before relying on it. Not live pricing.
united-79015-0062,United Supermarkets,79015,United Supermarkets N 23rd & Russell Long,"201 N 23rd St, Canyon, TX 79015",Bell Peppers,United / store brand,3 ct,Produce,4.0,2026-06-12,Expanded starter estimate for 79015; verify in United app/DriveUp & Go or receipt before relying on it. Not live pricing.
united-79015-0063,United Supermarkets,79015,United Supermarkets N 23rd & Russell Long,"201 N 23rd St, Canyon, TX 79015",Cucumbers,United / store brand,each,Produce,0.97,2026-06-12,Expanded starter estimate for 79015; verify in United app/DriveUp & Go or receipt before relying on it. Not live pricing.
united-79015-0064,United Supermarkets,79015,United Supermarkets N 23rd & Russell Long,"201 N 23rd St, Canyon, TX 79015",Zucchini,United / store brand,per lb,Produce,1.76,2026-06-12,Expanded starter estimate for 79015; verify in United app/DriveUp & Go or receipt before relying on it. Not live pricing.
united-79015-0065,United Supermarkets,79015,United Supermarkets N 23rd & Russell Long,"201 N 23rd St, Canyon, TX 79015",Mushrooms,United / store brand,8 oz,Produce,2.88,2026-06-12,Expanded starter estimate for 79015; verify in United app/DriveUp & Go or receipt before relying on it. Not live pricing.
united-79015-0066,United Supermarkets,79015,United Supermarkets N 23rd & Russell Long,"201 N 23rd St, Canyon, TX 79015",Cilantro,United / store brand,bunch,Produce,1.09,2026-06-12,Expanded starter estimate for 79015; verify in United app/DriveUp & Go or receipt before relying on it. Not live pricing.
united-79015-0067,United Supermarkets,79015,United Supermarkets N 23rd & Russell Long,"201 N 23rd St, Canyon, TX 79015",Lemons,United / store brand,2 lb bag,Produce,4.0,2026-06-12,Expanded starter estimate for 79015; verify in United app/DriveUp & Go or receipt before relying on it. Not live pricing.
united-79015-0068,United Supermarkets,79015,United Supermarkets N 23rd & Russell Long,"201 N 23rd St, Canyon, TX 79015",Limes,United / store brand,1 lb bag,Produce,2.88,2026-06-12,Expanded starter estimate for 79015; verify in United app/DriveUp & Go or receipt before relying on it. Not live pricing.
united-79015-0069,United Supermarkets,79015,United Supermarkets N 23rd & Russell Long,"201 N 23rd St, Canyon, TX 79015",Sandwich Bread,United / store brand,20 oz white,Bakery,1.69,2026-06-12,Expanded starter estimate for 79015; verify in United app/DriveUp & Go or receipt before relying on it. Not live pricing.
united-79015-0070,United Supermarkets,79015,United Supermarkets N 23rd & Russell Long,"201 N 23rd St, Canyon, TX 79015",Wheat Bread,United / store brand,20 oz,Bakery,2.32,2026-06-12,Expanded starter estimate for 79015; verify in United app/DriveUp & Go or receipt before relying on it. Not live pricing.
united-79015-0071,United Supermarkets,79015,United Supermarkets N 23rd & Russell Long,"201 N 23rd St, Canyon, TX 79015",Hamburger Buns,United / store brand,8 ct,Bakery,1.76,2026-06-12,Expanded starter estimate for 79015; verify in United app/DriveUp & Go or receipt before relying on it. Not live pricing.
united-79015-0072,United Supermarkets,79015,United Supermarkets N 23rd & Russell Long,"201 N 23rd St, Canyon, TX 79015",Hot Dog Buns,United / store brand,8 ct,Bakery,1.76,2026-06-12,Expanded starter estimate for 79015; verify in United app/DriveUp & Go or receipt before relying on it. Not live pricing.
united-79015-0073,United Supermarkets,79015,United Supermarkets N 23rd & Russell Long,"201 N 23rd St, Canyon, TX 79015",Flour Tortillas,United / store brand,10 ct burrito size,Bakery,2.65,2026-06-12,Expanded starter estimate for 79015; verify in United app/DriveUp & Go or receipt before relying on it. Not live pricing.
united-79015-0074,United Supermarkets,79015,United Supermarkets N 23rd & Russell Long,"201 N 23rd St, Canyon, TX 79015",Corn Tortillas,United / store brand,30 ct,Bakery,2.61,2026-06-12,Expanded starter estimate for 79015; verify in United app/DriveUp & Go or receipt before relying on it. Not live pricing.
united-79015-0075,United Supermarkets,79015,United Supermarkets N 23rd & Russell Long,"201 N 23rd St, Canyon, TX 79015",Bagels,United / store brand,6 ct plain,Bakery,2.77,2026-06-12,Expanded starter estimate for 79015; verify in United app/DriveUp & Go or receipt before relying on it. Not live pricing.
united-79015-0076,United Supermarkets,79015,United Supermarkets N 23rd & Russell Long,"201 N 23rd St, Canyon, TX 79015",English Muffins,United / store brand,6 ct,Bakery,2.32,2026-06-12,Expanded starter estimate for 79015; verify in United app/DriveUp & Go or receipt before relying on it. Not live pricing.
united-79015-0077,United Supermarkets,79015,United Supermarkets N 23rd & Russell Long,"201 N 23rd St, Canyon, TX 79015",Dinner Rolls,United / store brand,12 ct,Bakery,4.0,2026-06-12,Expanded starter estimate for 79015; verify in United app/DriveUp & Go or receipt before relying on it. Not live pricing.
united-79015-0078,United Supermarkets,79015,United Supermarkets N 23rd & Russell Long,"201 N 23rd St, Canyon, TX 79015",Donuts,United / store brand,6 ct glazed,Bakery,5.12,2026-06-12,Expanded starter estimate for 79015; verify in United app/DriveUp & Go or receipt before relying on it. Not live pricing.
united-79015-0079,United Supermarkets,79015,United Supermarkets N 23rd & Russell Long,"201 N 23rd St, Canyon, TX 79015",Muffins,United / store brand,4 ct,Bakery,5.68,2026-06-12,Expanded starter estimate for 79015; verify in United app/DriveUp & Go or receipt before relying on it. Not live pricing.
united-79015-0080,United Supermarkets,79015,United Supermarkets N 23rd & Russell Long,"201 N 23rd St, Canyon, TX 79015",Cake Mix,United / store brand,15.25 oz,Bakery,1.49,2026-06-12,Expanded starter estimate for 79015; verify in United app/DriveUp & Go or receipt before relying on it. Not live pricing.
united-79015-0081,United Supermarkets,79015,United Supermarkets N 23rd & Russell Long,"201 N 23rd St, Canyon, TX 79015",All Purpose Flour,United / store brand,5 lb,Pantry,2.88,2026-06-12,Expanded starter estimate for 79015; verify in United app/DriveUp & Go or receipt before relying on it. Not live pricing.
united-79015-0082,United Supermarkets,79015,United Supermarkets N 23rd & Russell Long,"201 N 23rd St, Canyon, TX 79015",Granulated Sugar,United / store brand,4 lb,Pantry,3.73,2026-06-12,Expanded starter estimate for 79015; verify in United app/DriveUp & Go or receipt before relying on it. Not live pricing.
united-79015-0083,United Supermarkets,79015,United Supermarkets N 23rd & Russell Long,"201 N 23rd St, Canyon, TX 79015",Brown Sugar,United / store brand,2 lb,Pantry,2.54,2026-06-12,Expanded starter estimate for 79015; verify in United app/DriveUp & Go or receipt before relying on it. Not live pricing.
united-79015-0084,United Supermarkets,79015,United Supermarkets N 23rd & Russell Long,"201 N 23rd St, Canyon, TX 79015",Powdered Sugar,United / store brand,2 lb,Pantry,2.54,2026-06-12,Expanded starter estimate for 79015; verify in United app/DriveUp & Go or receipt before relying on it. Not live pricing.
united-79015-0085,United Supermarkets,79015,United Supermarkets N 23rd & Russell Long,"201 N 23rd St, Canyon, TX 79015",Vegetable Oil,United / store brand,48 fl oz,Pantry,4.56,2026-06-12,Expanded starter estimate for 79015; verify in United app/DriveUp & Go or receipt before relying on it. Not live pricing.
united-79015-0086,United Supermarkets,79015,United Supermarkets N 23rd & Russell Long,"201 N 23rd St, Canyon, TX 79015",Olive Oil,United / store brand,17 fl oz,Pantry,6.8,2026-06-12,Expanded starter estimate for 79015; verify in United app/DriveUp & Go or receipt before relying on it. Not live pricing.
united-79015-0087,United Supermarkets,79015,United Supermarkets N 23rd & Russell Long,"201 N 23rd St, Canyon, TX 79015",Canola Oil,United / store brand,48 fl oz,Pantry,4.56,2026-06-12,Expanded starter estimate for 79015; verify in United app/DriveUp & Go or receipt before relying on it. Not live pricing.
united-79015-0088,United Supermarkets,79015,United Supermarkets N 23rd & Russell Long,"201 N 23rd St, Canyon, TX 79015",White Rice,United / store brand,5 lb,Pantry,3.84,2026-06-12,Expanded starter estimate for 79015; verify in United app/DriveUp & Go or receipt before relying on it. Not live pricing.
united-79015-0089,United Supermarkets,79015,United Supermarkets N 23rd & Russell Long,"201 N 23rd St, Canyon, TX 79015",Jasmine Rice,United / store brand,5 lb,Pantry,6.8,2026-06-12,Expanded starter estimate for 79015; verify in United app/DriveUp & Go or receipt before relying on it. Not live pricing.
united-79015-0090,United Supermarkets,79015,United Supermarkets N 23rd & Russell Long,"201 N 23rd St, Canyon, TX 79015",Pinto Beans Dry,United / store brand,2 lb,Pantry,2.77,2026-06-12,Expanded starter estimate for 79015; verify in United app/DriveUp & Go or receipt before relying on it. Not live pricing.
united-79015-0091,United Supermarkets,79015,United Supermarkets N 23rd & Russell Long,"201 N 23rd St, Canyon, TX 79015",Black Beans Dry,United / store brand,2 lb,Pantry,2.88,2026-06-12,Expanded starter estimate for 79015; verify in United app/DriveUp & Go or receipt before relying on it. Not live pricing.
united-79015-0092,United Supermarkets,79015,United Supermarkets N 23rd & Russell Long,"201 N 23rd St, Canyon, TX 79015",Pasta Spaghetti,United / store brand,16 oz,Pantry,1.35,2026-06-12,Expanded starter estimate for 79015; verify in United app/DriveUp & Go or receipt before relying on it. Not live pricing.
united-79015-0093,United Supermarkets,79015,United Supermarkets N 23rd & Russell Long,"201 N 23rd St, Canyon, TX 79015",Pasta Penne,United / store brand,16 oz,Pantry,1.35,2026-06-12,Expanded starter estimate for 79015; verify in United app/DriveUp & Go or receipt before relying on it. Not live pricing.
united-79015-0094,United Supermarkets,79015,United Supermarkets N 23rd & Russell Long,"201 N 23rd St, Canyon, TX 79015",Macaroni & Cheese,United / store brand,7.25 oz,Pantry,0.75,2026-06-12,Expanded starter estimate for 79015; verify in United app/DriveUp & Go or receipt before relying on it. Not live pricing.
united-79015-0095,United Supermarkets,79015,United Supermarkets N 23rd & Russell Long,"201 N 23rd St, Canyon, TX 79015",Peanut Butter,United / store brand,40 oz,Pantry,5.34,2026-06-12,Expanded starter estimate for 79015; verify in United app/DriveUp & Go or receipt before relying on it. Not live pricing.
united-79015-0096,United Supermarkets,79015,United Supermarkets N 23rd & Russell Long,"201 N 23rd St, Canyon, TX 79015",Grape Jelly,United / store brand,30 oz,Pantry,2.88,2026-06-12,Expanded starter estimate for 79015; verify in United app/DriveUp & Go or receipt before relying on it. Not live pricing.
united-79015-0097,United Supermarkets,79015,United Supermarkets N 23rd & Russell Long,"201 N 23rd St, Canyon, TX 79015",Honey,United / store brand,32 oz,Pantry,7.92,2026-06-12,Expanded starter estimate for 79015; verify in United app/DriveUp & Go or receipt before relying on it. Not live pricing.
united-79015-0098,United Supermarkets,79015,United Supermarkets N 23rd & Russell Long,"201 N 23rd St, Canyon, TX 79015",Pancake Syrup,United / store brand,24 fl oz,Pantry,2.61,2026-06-12,Expanded starter estimate for 79015; verify in United app/DriveUp & Go or receipt before relying on it. Not live pricing.
united-79015-0099,United Supermarkets,79015,United Supermarkets N 23rd & Russell Long,"201 N 23rd St, Canyon, TX 79015",Pancake Mix,United / store brand,32 oz,Pantry,2.88,2026-06-12,Expanded starter estimate for 79015; verify in United app/DriveUp & Go or receipt before relying on it. Not live pricing.
united-79015-0100,United Supermarkets,79015,United Supermarkets N 23rd & Russell Long,"201 N 23rd St, Canyon, TX 79015",Instant Mashed Potatoes,United / store brand,13.75 oz,Pantry,2.61,2026-06-12,Expanded starter estimate for 79015; verify in United app/DriveUp & Go or receipt before relying on it. Not live pricing.
united-79015-0101,United Supermarkets,79015,United Supermarkets N 23rd & Russell Long,"201 N 23rd St, Canyon, TX 79015",Chicken Broth,United / store brand,32 oz,Pantry,1.76,2026-06-12,Expanded starter estimate for 79015; verify in United app/DriveUp & Go or receipt before relying on it. Not live pricing.
united-79015-0102,United Supermarkets,79015,United Supermarkets N 23rd & Russell Long,"201 N 23rd St, Canyon, TX 79015",Beef Broth,United / store brand,32 oz,Pantry,1.76,2026-06-12,Expanded starter estimate for 79015; verify in United app/DriveUp & Go or receipt before relying on it. Not live pricing.
united-79015-0103,United Supermarkets,79015,United Supermarkets N 23rd & Russell Long,"201 N 23rd St, Canyon, TX 79015",Bread Crumbs,United / store brand,15 oz,Pantry,2.21,2026-06-12,Expanded starter estimate for 79015; verify in United app/DriveUp & Go or receipt before relying on it. Not live pricing.
united-79015-0104,United Supermarkets,79015,United Supermarkets N 23rd & Russell Long,"201 N 23rd St, Canyon, TX 79015",Taco Shells,United / store brand,12 ct,Pantry,2.32,2026-06-12,Expanded starter estimate for 79015; verify in United app/DriveUp & Go or receipt before relying on it. Not live pricing.
united-79015-0105,United Supermarkets,79015,United Supermarkets N 23rd & Russell Long,"201 N 23rd St, Canyon, TX 79015",Taco Seasoning,United / store brand,1 oz,Pantry,0.64,2026-06-12,Expanded starter estimate for 79015; verify in United app/DriveUp & Go or receipt before relying on it. Not live pricing.
united-79015-0106,United Supermarkets,79015,United Supermarkets N 23rd & Russell Long,"201 N 23rd St, Canyon, TX 79015",Salsa,United / store brand,24 oz,Pantry,2.61,2026-06-12,Expanded starter estimate for 79015; verify in United app/DriveUp & Go or receipt before relying on it. Not live pricing.
united-79015-0107,United Supermarkets,79015,United Supermarkets N 23rd & Russell Long,"201 N 23rd St, Canyon, TX 79015",Marinara Sauce,United / store brand,24 oz,Pantry,2.09,2026-06-12,Expanded starter estimate for 79015; verify in United app/DriveUp & Go or receipt before relying on it. Not live pricing.
united-79015-0108,United Supermarkets,79015,United Supermarkets N 23rd & Russell Long,"201 N 23rd St, Canyon, TX 79015",Alfredo Sauce,United / store brand,15 oz,Pantry,2.32,2026-06-12,Expanded starter estimate for 79015; verify in United app/DriveUp & Go or receipt before relying on it. Not live pricing.
united-79015-0109,United Supermarkets,79015,United Supermarkets N 23rd & Russell Long,"201 N 23rd St, Canyon, TX 79015",Ranch Dressing,United / store brand,16 fl oz,Pantry,2.61,2026-06-12,Expanded starter estimate for 79015; verify in United app/DriveUp & Go or receipt before relying on it. Not live pricing.
united-79015-0110,United Supermarkets,79015,United Supermarkets N 23rd & Russell Long,"201 N 23rd St, Canyon, TX 79015",Italian Dressing,United / store brand,16 fl oz,Pantry,2.61,2026-06-12,Expanded starter estimate for 79015; verify in United app/DriveUp & Go or receipt before relying on it. Not live pricing.
united-79015-0111,United Supermarkets,79015,United Supermarkets N 23rd & Russell Long,"201 N 23rd St, Canyon, TX 79015",Ketchup,United / store brand,38 oz,Pantry,2.61,2026-06-12,Expanded starter estimate for 79015; verify in United app/DriveUp & Go or receipt before relying on it. Not live pricing.
united-79015-0112,United Supermarkets,79015,United Supermarkets N 23rd & Russell Long,"201 N 23rd St, Canyon, TX 79015",Mustard,United / store brand,20 oz,Pantry,1.42,2026-06-12,Expanded starter estimate for 79015; verify in United app/DriveUp & Go or receipt before relying on it. Not live pricing.
united-79015-0113,United Supermarkets,79015,United Supermarkets N 23rd & Russell Long,"201 N 23rd St, Canyon, TX 79015",Mayonnaise,United / store brand,30 fl oz,Pantry,4.56,2026-06-12,Expanded starter estimate for 79015; verify in United app/DriveUp & Go or receipt before relying on it. Not live pricing.
united-79015-0114,United Supermarkets,79015,United Supermarkets N 23rd & Russell Long,"201 N 23rd St, Canyon, TX 79015",BBQ Sauce,United / store brand,18 oz,Pantry,1.49,2026-06-12,Expanded starter estimate for 79015; verify in United app/DriveUp & Go or receipt before relying on it. Not live pricing.
united-79015-0115,United Supermarkets,79015,United Supermarkets N 23rd & Russell Long,"201 N 23rd St, Canyon, TX 79015",Pickles,United / store brand,24 oz dill chips,Pantry,2.88,2026-06-12,Expanded starter estimate for 79015; verify in United app/DriveUp & Go or receipt before relying on it. Not live pricing.
united-79015-0116,United Supermarkets,79015,United Supermarkets N 23rd & Russell Long,"201 N 23rd St, Canyon, TX 79015",Relish,United / store brand,12 fl oz,Pantry,1.76,2026-06-12,Expanded starter estimate for 79015; verify in United app/DriveUp & Go or receipt before relying on it. Not live pricing.
united-79015-0117,United Supermarkets,79015,United Supermarkets N 23rd & Russell Long,"201 N 23rd St, Canyon, TX 79015",Canned Corn,United / store brand,15.25 oz,Canned Goods,0.82,2026-06-12,Expanded starter estimate for 79015; verify in United app/DriveUp & Go or receipt before relying on it. Not live pricing.
united-79015-0118,United Supermarkets,79015,United Supermarkets N 23rd & Russell Long,"201 N 23rd St, Canyon, TX 79015",Canned Green Beans,United / store brand,14.5 oz,Canned Goods,0.82,2026-06-12,Expanded starter estimate for 79015; verify in United app/DriveUp & Go or receipt before relying on it. Not live pricing.
united-79015-0119,United Supermarkets,79015,United Supermarkets N 23rd & Russell Long,"201 N 23rd St, Canyon, TX 79015",Canned Peas,United / store brand,15 oz,Canned Goods,0.95,2026-06-12,Expanded starter estimate for 79015; verify in United app/DriveUp & Go or receipt before relying on it. Not live pricing.
united-79015-0120,United Supermarkets,79015,United Supermarkets N 23rd & Russell Long,"201 N 23rd St, Canyon, TX 79015",Canned Black Beans,United / store brand,15 oz,Canned Goods,0.97,2026-06-12,Expanded starter estimate for 79015; verify in United app/DriveUp & Go or receipt before relying on it. Not live pricing.
united-79015-0121,United Supermarkets,79015,United Supermarkets N 23rd & Russell Long,"201 N 23rd St, Canyon, TX 79015",Canned Pinto Beans,United / store brand,15 oz,Canned Goods,0.97,2026-06-12,Expanded starter estimate for 79015; verify in United app/DriveUp & Go or receipt before relying on it. Not live pricing.
united-79015-0122,United Supermarkets,79015,United Supermarkets N 23rd & Russell Long,"201 N 23rd St, Canyon, TX 79015",Canned Kidney Beans,United / store brand,15 oz,Canned Goods,1.09,2026-06-12,Expanded starter estimate for 79015; verify in United app/DriveUp & Go or receipt before relying on it. Not live pricing.
united-79015-0123,United Supermarkets,79015,United Supermarkets N 23rd & Russell Long,"201 N 23rd St, Canyon, TX 79015",Diced Tomatoes,United / store brand,14.5 oz,Canned Goods,1.18,2026-06-12,Expanded starter estimate for 79015; verify in United app/DriveUp & Go or receipt before relying on it. Not live pricing.
united-79015-0124,United Supermarkets,79015,United Supermarkets N 23rd & Russell Long,"201 N 23rd St, Canyon, TX 79015",Tomato Sauce,United / store brand,8 oz,Canned Goods,0.64,2026-06-12,Expanded starter estimate for 79015; verify in United app/DriveUp & Go or receipt before relying on it. Not live pricing.
united-79015-0125,United Supermarkets,79015,United Supermarkets N 23rd & Russell Long,"201 N 23rd St, Canyon, TX 79015",Tomato Paste,United / store brand,6 oz,Canned Goods,0.91,2026-06-12,Expanded starter estimate for 79015; verify in United app/DriveUp & Go or receipt before relying on it. Not live pricing.
united-79015-0126,United Supermarkets,79015,United Supermarkets N 23rd & Russell Long,"201 N 23rd St, Canyon, TX 79015",Cream of Chicken Soup,United / store brand,10.5 oz,Canned Goods,0.97,2026-06-12,Expanded starter estimate for 79015; verify in United app/DriveUp & Go or receipt before relying on it. Not live pricing.
united-79015-0127,United Supermarkets,79015,United Supermarkets N 23rd & Russell Long,"201 N 23rd St, Canyon, TX 79015",Cream of Mushroom Soup,United / store brand,10.5 oz,Canned Goods,0.97,2026-06-12,Expanded starter estimate for 79015; verify in United app/DriveUp & Go or receipt before relying on it. Not live pricing.
united-79015-0128,United Supermarkets,79015,United Supermarkets N 23rd & Russell Long,"201 N 23rd St, Canyon, TX 79015",Chicken Noodle Soup,United / store brand,10.5 oz,Canned Goods,1.09,2026-06-12,Expanded starter estimate for 79015; verify in United app/DriveUp & Go or receipt before relying on it. Not live pricing.
united-79015-0129,United Supermarkets,79015,United Supermarkets N 23rd & Russell Long,"201 N 23rd St, Canyon, TX 79015",Chunk Light Tuna,United / store brand,5 oz,Canned Goods,1.18,2026-06-12,Expanded starter estimate for 79015; verify in United app/DriveUp & Go or receipt before relying on it. Not live pricing.
united-79015-0130,United Supermarkets,79015,United Supermarkets N 23rd & Russell Long,"201 N 23rd St, Canyon, TX 79015",Canned Chicken Breast,United / store brand,12.5 oz,Canned Goods,3.44,2026-06-12,Expanded starter estimate for 79015; verify in United app/DriveUp & Go or receipt before relying on it. Not live pricing.
united-79015-0131,United Supermarkets,79015,United Supermarkets N 23rd & Russell Long,"201 N 23rd St, Canyon, TX 79015",Mandarin Oranges,United / store brand,15 oz,Canned Goods,1.76,2026-06-12,Expanded starter estimate for 79015; verify in United app/DriveUp & Go or receipt before relying on it. Not live pricing.
united-79015-0132,United Supermarkets,79015,United Supermarkets N 23rd & Russell Long,"201 N 23rd St, Canyon, TX 79015",Fruit Cocktail,United / store brand,15 oz,Canned Goods,1.76,2026-06-12,Expanded starter estimate for 79015; verify in United app/DriveUp & Go or receipt before relying on it. Not live pricing.
united-79015-0133,United Supermarkets,79015,United Supermarkets N 23rd & Russell Long,"201 N 23rd St, Canyon, TX 79015",Applesauce,United / store brand,46 oz,Canned Goods,3.44,2026-06-12,Expanded starter estimate for 79015; verify in United app/DriveUp & Go or receipt before relying on it. Not live pricing.
united-79015-0134,United Supermarkets,79015,United Supermarkets N 23rd & Russell Long,"201 N 23rd St, Canyon, TX 79015",Cheerios,General Mills,18 oz,Breakfast,6.24,2026-06-12,Expanded starter estimate for 79015; verify in United app/DriveUp & Go or receipt before relying on it. Not live pricing.
united-79015-0135,United Supermarkets,79015,United Supermarkets N 23rd & Russell Long,"201 N 23rd St, Canyon, TX 79015",Honey Nut Oats Cereal,United / store brand,18 oz,Breakfast,3.44,2026-06-12,Expanded starter estimate for 79015; verify in United app/DriveUp & Go or receipt before relying on it. Not live pricing.
united-79015-0136,United Supermarkets,79015,United Supermarkets N 23rd & Russell Long,"201 N 23rd St, Canyon, TX 79015",Frosted Flakes,United / store brand,26.8 oz,Breakfast,4.56,2026-06-12,Expanded starter estimate for 79015; verify in United app/DriveUp & Go or receipt before relying on it. Not live pricing.
united-79015-0137,United Supermarkets,79015,United Supermarkets N 23rd & Russell Long,"201 N 23rd St, Canyon, TX 79015",Raisin Bran,United / store brand,18.7 oz,Breakfast,3.44,2026-06-12,Expanded starter estimate for 79015; verify in United app/DriveUp & Go or receipt before relying on it. Not live pricing.
united-79015-0138,United Supermarkets,79015,United Supermarkets N 23rd & Russell Long,"201 N 23rd St, Canyon, TX 79015",Instant Oatmeal,United / store brand,20 ct variety,Breakfast,4.56,2026-06-12,Expanded starter estimate for 79015; verify in United app/DriveUp & Go or receipt before relying on it. Not live pricing.
united-79015-0139,United Supermarkets,79015,United Supermarkets N 23rd & Russell Long,"201 N 23rd St, Canyon, TX 79015",Old Fashioned Oats,United / store brand,42 oz,Breakfast,5.12,2026-06-12,Expanded starter estimate for 79015; verify in United app/DriveUp & Go or receipt before relying on it. Not live pricing.
united-79015-0140,United Supermarkets,79015,United Supermarkets N 23rd & Russell Long,"201 N 23rd St, Canyon, TX 79015",Granola Bars,United / store brand,24 ct,Breakfast,5.45,2026-06-12,Expanded starter estimate for 79015; verify in United app/DriveUp & Go or receipt before relying on it. Not live pricing.
united-79015-0141,United Supermarkets,79015,United Supermarkets N 23rd & Russell Long,"201 N 23rd St, Canyon, TX 79015",Breakfast Biscuits,United / store brand,10 ct,Breakfast,4.56,2026-06-12,Expanded starter estimate for 79015; verify in United app/DriveUp & Go or receipt before relying on it. Not live pricing.
united-79015-0142,United Supermarkets,79015,United Supermarkets N 23rd & Russell Long,"201 N 23rd St, Canyon, TX 79015",Pop Tarts,Kellogg's,12 ct,Breakfast,5.12,2026-06-12,Expanded starter estimate for 79015; verify in United app/DriveUp & Go or receipt before relying on it. Not live pricing.
united-79015-0143,United Supermarkets,79015,United Supermarkets N 23rd & Russell Long,"201 N 23rd St, Canyon, TX 79015",Frozen Waffles,United / store brand,24 ct,Breakfast,4.56,2026-06-12,Expanded starter estimate for 79015; verify in United app/DriveUp & Go or receipt before relying on it. Not live pricing.
united-79015-0144,United Supermarkets,79015,United Supermarkets N 23rd & Russell Long,"201 N 23rd St, Canyon, TX 79015",Frozen Mixed Vegetables,United / store brand,12 oz,Frozen,1.4,2026-06-12,Expanded starter estimate for 79015; verify in United app/DriveUp & Go or receipt before relying on it. Not live pricing.
united-79015-0145,United Supermarkets,79015,United Supermarkets N 23rd & Russell Long,"201 N 23rd St, Canyon, TX 79015",Frozen Broccoli Florets,United / store brand,12 oz,Frozen,1.49,2026-06-12,Expanded starter estimate for 79015; verify in United app/DriveUp & Go or receipt before relying on it. Not live pricing.
united-79015-0146,United Supermarkets,79015,United Supermarkets N 23rd & Russell Long,"201 N 23rd St, Canyon, TX 79015",Frozen Corn,United / store brand,12 oz,Frozen,1.4,2026-06-12,Expanded starter estimate for 79015; verify in United app/DriveUp & Go or receipt before relying on it. Not live pricing.
united-79015-0147,United Supermarkets,79015,United Supermarkets N 23rd & Russell Long,"201 N 23rd St, Canyon, TX 79015",Frozen Green Beans,United / store brand,12 oz,Frozen,1.4,2026-06-12,Expanded starter estimate for 79015; verify in United app/DriveUp & Go or receipt before relying on it. Not live pricing.
united-79015-0148,United Supermarkets,79015,United Supermarkets N 23rd & Russell Long,"201 N 23rd St, Canyon, TX 79015",Frozen Strawberries,United / store brand,32 oz,Frozen,7.92,2026-06-12,Expanded starter estimate for 79015; verify in United app/DriveUp & Go or receipt before relying on it. Not live pricing.
united-79015-0149,United Supermarkets,79015,United Supermarkets N 23rd & Russell Long,"201 N 23rd St, Canyon, TX 79015",Frozen Blueberries,United / store brand,32 oz,Frozen,9.04,2026-06-12,Expanded starter estimate for 79015; verify in United app/DriveUp & Go or receipt before relying on it. Not live pricing.
united-79015-0150,United Supermarkets,79015,United Supermarkets N 23rd & Russell Long,"201 N 23rd St, Canyon, TX 79015",Frozen Pizza,United / store brand,rising crust pepperoni,Frozen,5.68,2026-06-12,Expanded starter estimate for 79015; verify in United app/DriveUp & Go or receipt before relying on it. Not live pricing.
united-79015-0151,United Supermarkets,79015,United Supermarkets N 23rd & Russell Long,"201 N 23rd St, Canyon, TX 79015",Chicken Nuggets,United / store brand,29 oz,Frozen,7.92,2026-06-12,Expanded starter estimate for 79015; verify in United app/DriveUp & Go or receipt before relying on it. Not live pricing.
united-79015-0152,United Supermarkets,79015,United Supermarkets N 23rd & Russell Long,"201 N 23rd St, Canyon, TX 79015",French Fries,United / store brand,32 oz,Frozen,4.0,2026-06-12,Expanded starter estimate for 79015; verify in United app/DriveUp & Go or receipt before relying on it. Not live pricing.
united-79015-0153,United Supermarkets,79015,United Supermarkets N 23rd & Russell Long,"201 N 23rd St, Canyon, TX 79015",Ice Cream,United / store brand,48 fl oz vanilla,Frozen,3.44,2026-06-12,Expanded starter estimate for 79015; verify in United app/DriveUp & Go or receipt before relying on it. Not live pricing.
united-79015-0154,United Supermarkets,79015,United Supermarkets N 23rd & Russell Long,"201 N 23rd St, Canyon, TX 79015",Popsicles,United / store brand,18 ct,Frozen,4.56,2026-06-12,Expanded starter estimate for 79015; verify in United app/DriveUp & Go or receipt before relying on it. Not live pricing.
united-79015-0155,United Supermarkets,79015,United Supermarkets N 23rd & Russell Long,"201 N 23rd St, Canyon, TX 79015",Frozen Burritos,El Monterey,8 ct,Frozen,6.8,2026-06-12,Expanded starter estimate for 79015; verify in United app/DriveUp & Go or receipt before relying on it. Not live pricing.
united-79015-0156,United Supermarkets,79015,United Supermarkets N 23rd & Russell Long,"201 N 23rd St, Canyon, TX 79015",Lasagna,Stouffer's,90 oz,Frozen,16.88,2026-06-12,Expanded starter estimate for 79015; verify in United app/DriveUp & Go or receipt before relying on it. Not live pricing.
united-79015-0157,United Supermarkets,79015,United Supermarkets N 23rd & Russell Long,"201 N 23rd St, Canyon, TX 79015",Frozen Dinner,United / store brand,single serve,Frozen,2.88,2026-06-12,Expanded starter estimate for 79015; verify in United app/DriveUp & Go or receipt before relying on it. Not live pricing.
united-79015-0158,United Supermarkets,79015,United Supermarkets N 23rd & Russell Long,"201 N 23rd St, Canyon, TX 79015",Garlic Bread,United / store brand,16 oz,Frozen,2.61,2026-06-12,Expanded starter estimate for 79015; verify in United app/DriveUp & Go or receipt before relying on it. Not live pricing.
united-79015-0159,United Supermarkets,79015,United Supermarkets N 23rd & Russell Long,"201 N 23rd St, Canyon, TX 79015",Potato Chips,United / store brand,8 oz,Snacks,2.61,2026-06-12,Expanded starter estimate for 79015; verify in United app/DriveUp & Go or receipt before relying on it. Not live pricing.
united-79015-0160,United Supermarkets,79015,United Supermarkets N 23rd & Russell Long,"201 N 23rd St, Canyon, TX 79015",Tortilla Chips,United / store brand,13 oz,Snacks,2.61,2026-06-12,Expanded starter estimate for 79015; verify in United app/DriveUp & Go or receipt before relying on it. Not live pricing.
united-79015-0161,United Supermarkets,79015,United Supermarkets N 23rd & Russell Long,"201 N 23rd St, Canyon, TX 79015",Pretzels,United / store brand,16 oz,Snacks,2.88,2026-06-12,Expanded starter estimate for 79015; verify in United app/DriveUp & Go or receipt before relying on it. Not live pricing.
united-79015-0162,United Supermarkets,79015,United Supermarkets N 23rd & Russell Long,"201 N 23rd St, Canyon, TX 79015",Crackers,United / store brand,13.7 oz,Snacks,2.88,2026-06-12,Expanded starter estimate for 79015; verify in United app/DriveUp & Go or receipt before relying on it. Not live pricing.
united-79015-0163,United Supermarkets,79015,United Supermarkets N 23rd & Russell Long,"201 N 23rd St, Canyon, TX 79015",Saltine Crackers,United / store brand,16 oz,Snacks,2.32,2026-06-12,Expanded starter estimate for 79015; verify in United app/DriveUp & Go or receipt before relying on it. Not live pricing.
united-79015-0164,United Supermarkets,79015,United Supermarkets N 23rd & Russell Long,"201 N 23rd St, Canyon, TX 79015",Fruit Snacks,United / store brand,40 ct,Snacks,7.92,2026-06-12,Expanded starter estimate for 79015; verify in United app/DriveUp & Go or receipt before relying on it. Not live pricing.
united-79015-0165,United Supermarkets,79015,United Supermarkets N 23rd & Russell Long,"201 N 23rd St, Canyon, TX 79015",Cheese Crackers,United / store brand,12.4 oz,Snacks,3.44,2026-06-12,Expanded starter estimate for 79015; verify in United app/DriveUp & Go or receipt before relying on it. Not live pricing.
united-79015-0166,United Supermarkets,79015,United Supermarkets N 23rd & Russell Long,"201 N 23rd St, Canyon, TX 79015",Cookies Chocolate Sandwich,United / store brand,25.5 oz,Snacks,3.44,2026-06-12,Expanded starter estimate for 79015; verify in United app/DriveUp & Go or receipt before relying on it. Not live pricing.
united-79015-0167,United Supermarkets,79015,United Supermarkets N 23rd & Russell Long,"201 N 23rd St, Canyon, TX 79015",Chocolate Chip Cookies,United / store brand,13 oz,Snacks,2.88,2026-06-12,Expanded starter estimate for 79015; verify in United app/DriveUp & Go or receipt before relying on it. Not live pricing.
united-79015-0168,United Supermarkets,79015,United Supermarkets N 23rd & Russell Long,"201 N 23rd St, Canyon, TX 79015",Popcorn,United / store brand,24 ct microwave,Snacks,7.36,2026-06-12,Expanded starter estimate for 79015; verify in United app/DriveUp & Go or receipt before relying on it. Not live pricing.
united-79015-0169,United Supermarkets,79015,United Supermarkets N 23rd & Russell Long,"201 N 23rd St, Canyon, TX 79015",Trail Mix,United / store brand,26 oz,Snacks,7.92,2026-06-12,Expanded starter estimate for 79015; verify in United app/DriveUp & Go or receipt before relying on it. Not live pricing.
united-79015-0170,United Supermarkets,79015,United Supermarkets N 23rd & Russell Long,"201 N 23rd St, Canyon, TX 79015",Beef Jerky,United / store brand,10 oz,Snacks,12.4,2026-06-12,Expanded starter estimate for 79015; verify in United app/DriveUp & Go or receipt before relying on it. Not live pricing.
united-79015-0171,United Supermarkets,79015,United Supermarkets N 23rd & Russell Long,"201 N 23rd St, Canyon, TX 79015",Applesauce Pouches,United / store brand,12 ct,Snacks,6.8,2026-06-12,Expanded starter estimate for 79015; verify in United app/DriveUp & Go or receipt before relying on it. Not live pricing.
united-79015-0172,United Supermarkets,79015,United Supermarkets N 23rd & Russell Long,"201 N 23rd St, Canyon, TX 79015",Rice Cakes,Quaker,6.56 oz,Snacks,4.0,2026-06-12,Expanded starter estimate for 79015; verify in United app/DriveUp & Go or receipt before relying on it. Not live pricing.
united-79015-0173,United Supermarkets,79015,United Supermarkets N 23rd & Russell Long,"201 N 23rd St, Canyon, TX 79015",Peanut Butter Crackers,United / store brand,8 ct,Snacks,2.88,2026-06-12,Expanded starter estimate for 79015; verify in United app/DriveUp & Go or receipt before relying on it. Not live pricing.
united-79015-0174,United Supermarkets,79015,United Supermarkets N 23rd & Russell Long,"201 N 23rd St, Canyon, TX 79015",Bottled Water,United / store brand,40 ct 16.9 fl oz,Beverages,6.1,2026-06-12,Expanded starter estimate for 79015; verify in United app/DriveUp & Go or receipt before relying on it. Not live pricing.
united-79015-0175,United Supermarkets,79015,United Supermarkets N 23rd & Russell Long,"201 N 23rd St, Canyon, TX 79015",Coca-Cola,Coca-Cola,12 pk cans,Beverages,8.48,2026-06-12,Expanded starter estimate for 79015; verify in United app/DriveUp & Go or receipt before relying on it. Not live pricing.
united-79015-0176,United Supermarkets,79015,United Supermarkets N 23rd & Russell Long,"201 N 23rd St, Canyon, TX 79015",Dr Pepper,Dr Pepper,12 pk cans,Beverages,8.48,2026-06-12,Expanded starter estimate for 79015; verify in United app/DriveUp & Go or receipt before relying on it. Not live pricing.
united-79015-0177,United Supermarkets,79015,United Supermarkets N 23rd & Russell Long,"201 N 23rd St, Canyon, TX 79015",Sprite,Coca-Cola,12 pk cans,Beverages,8.48,2026-06-12,Expanded starter estimate for 79015; verify in United app/DriveUp & Go or receipt before relying on it. Not live pricing.
united-79015-0178,United Supermarkets,79015,United Supermarkets N 23rd & Russell Long,"201 N 23rd St, Canyon, TX 79015",Orange Juice,United / store brand,52 fl oz,Beverages,4.0,2026-06-12,Expanded starter estimate for 79015; verify in United app/DriveUp & Go or receipt before relying on it. Not live pricing.
united-79015-0179,United Supermarkets,79015,United Supermarkets N 23rd & Russell Long,"201 N 23rd St, Canyon, TX 79015",Apple Juice,United / store brand,64 fl oz,Beverages,2.88,2026-06-12,Expanded starter estimate for 79015; verify in United app/DriveUp & Go or receipt before relying on it. Not live pricing.
united-79015-0180,United Supermarkets,79015,United Supermarkets N 23rd & Russell Long,"201 N 23rd St, Canyon, TX 79015",Grape Juice,United / store brand,64 fl oz,Beverages,4.0,2026-06-12,Expanded starter estimate for 79015; verify in United app/DriveUp & Go or receipt before relying on it. Not live pricing.
